Starbucks Coffee,3 New York Plaza,,New York,NY,10004,8-32,Casual Eating & Takeout,F-Coffeehouse,40.675221,-73.9714429
New York Health & Racquet Club,39 Whitehall Street,,New York,NY,10004,8-32,Personal and Professional Services,P-Athletic Clubs/Fitness,40.7029437,-74.0126761
A.J. Kelly's,6 Stone Street,,New York,NY,10004,10-32,Full Service Dining,F-Irish Pub,40.7039279,-74.012469
Fraunces Tavern® Restaurant,54 Pearl Street,,New York,NY,10004,7-35,Full Service Dining,F-American,40.7033945,-74.0113373
Bombay's,60 Pearl Street,,New York,NY,10004,7-37,Casual Eating & Takeout,F-Indian,40.7034358,-74.01108839999999
Pearl Bodywork,60 Pearl Street,Floor 2,New York,NY,10004,7-38,Personal and Professional Services,P-Spa,40.7034358,-74.01108839999999
McDonald's,6 Water Street,,New York,NY,10004,8-51,Casual Eating & Takeout,F-Fast Food,40.7029581,-74.0122837
Water Street Gourmet Deli & Pizza,12 Water Street,,New York,NY,10004,8-51,Casual Eating & Takeout,F-Deli,40.70299139999999,-74.0121474
Alice's Fashion,1 New York Plaza,,New York,NY,10004,4-1,Shopping,S-Apparel: Women's,40.7020841,-74.0118801
Mr. Soup,1 New York Plaza,,New York,NY,10004,4-1,Casual Eating & Takeout,F-Soup,40.7020841,-74.0118801
Vivo Food,1 New York Plaza,,New York,NY,10004,4-1,Casual Eating & Takeout,F-Health,40.7020841,-74.0118801
Gateway News,1 New York Plaza,,New York,NY,10004,4-01,Personal and Professional Services,P-Newsstands,40.7020841,-74.0118801
New World Coffee,1 New York Plaza,,New York,NY,10004,4-1,Casual Eating & Takeout,F-Coffeehouse,40.7020841,-74.0118801
New York Plaza Cleaners & Tailors/Shoe Repair,1 New York Plaza,Lobby,New York,NY,10004,4-01,Personal and Professional Services,P-Dry Cleaning,40.7020841,-74.0118801
Salvatore's  Barber Shop and Hair Salon,1 New York Plaza,,New York,NY,10004,4-1,Personal and Professional Services,P-Hair Salon & Barber Shop,40.7020841,-74.0118801
"Estee Lauder Companies Inc., The Company Store",1 New York Plaza,,New York,NY,10004,4-1,Shopping,S-Beauty & Fragrances,40.7020841,-74.0118801
Subway,1 New York Plaza,Concourse,New York,NY,10004,4-1,Casual Eating & Takeout,F-Fast Food,40.7020841,-74.0118801
Cafe Groppi,32 Water Street,,New York,NY,10004,7-26,Casual Eating & Takeout,F-American,40.7033093,-74.0109325
Pranzo,34 Water Street,Street Level,New York,NY,10004,7-26,Casual Eating & Takeout,F-Pizza,40.7033277,-74.01083609999999
Fika Espresso Bar,66 Pearl Street,,New York,NY,10004,7-26,Casual Eating & Takeout,F-Coffeehouse,40.7034852,-74.01083129999999
Wall Street Burger Shoppe,30 Water Street,,New York,NY,10004,7-27,Full Service Dining,F-Restaurant & Bar,40.7032931,-74.0110308
Subway,28 Water Street,,New York,NY,10004,7-28,Casual Eating & Takeout,F-Fast Food,40.7032618,-74.0110844
Nelly's Hair Salon,28 Water Street,2nd Floor,New York,NY,10004,7-28,Personal and Professional Services,P-Hair Salon & Barber Shop,40.7032618,-74.0110844
Shoe Repair and Shine,105 Broad Street,,New York,NY,10004,7-31,Personal and Professional Services,P-Shoe Repair/Shine,40.703182,-74.0113458
Rockwell's Deli,105 Broad Street,,New York,NY,10004,7-31,Casual Eating & Takeout,F-Deli,40.703182,-74.0113458
Au Bon Pain,1 State Street Plaza,,New York,NY,10004,9-1,Casual Eating & Takeout,F-Cafe & Eatery,40.70276399999999,-74.01334659999999
Starbucks Coffee,1 Battery Park Plaza,,New York,NY,10004,9-29,Casual Eating & Takeout,F-Coffeehouse,40.7033758,-74.0138065
US Post Office-Whitehall Station,1 Whitehall Street,,New York,NY,10004,10-1,Community Resources,C-Post Office,40.7020841,-74.0118801
Flavors Cafe,27 Whitehall Street,,New York,NY,10004,10-15,Casual Eating & Takeout,F-Cafe & Eatery,40.703459,-74.0126638
"Reyna's Nail Salon, Inc.",27 Whitehall Street,2nd Floor,New York,NY,10004,10-15,Personal and Professional Services,P-Nail Salon,40.703459,-74.0126638
Broad-Stone Newsstand,20 Stone Street,,New York,NY,10004,10-16,Personal and Professional Services,P-Newsstands,40.7039603,-74.0119572
China Chalet,90 Broad Street,,New York,NY,10004,10-16,Full Service Dining,F-Chinese,40.7037939,-74.01199609999999
Pax Wholesome Foods,90 Broad Street,,New York,NY,10004,10-16,Casual Eating & Takeout,F-Cafe & Eatery,40.7037939,-74.01199609999999
New Stone Nails,90 Broad Street,,New York,NY,,10-16,Personal and Professional Services,P-Nail Salon,40.7037939,-74.01199609999999
Whitehorse Tavern,25 Bridge Street,,New York,NY,10004,10-19,Full Service Dining,F-Restaurant & Bar,40.704009,-73.98432799999999
Duane Reade,1 Whitehall Street,,New York,NY,10004,10-23,Shopping,S-Drugstores,40.7020841,-74.0118801
California Wine Merchants,15 Bridge Street,,New York,NY,10004,10-23,Shopping,S-Liquor Store,40.7041035,-73.9846014
General Nutrition Center,2 Broadway,,New York,NY,10004,11-1,Shopping,S-Nutrition & Health,40.7045399,-74.0130866
Chipotle,2 Broadway,,New York,NY,10004,11-01,Casual Eating & Takeout,F-Mexican,40.7045399,-74.0130866
Nine West,2 Broadway,,New York,NY,10004,11-1,Shopping,S-Shoes: Women's,40.7045399,-74.0130866
Ann Taylor Loft,2 Broadway,,New York,NY,10004,11-1,Shopping,S-Apparel: Women's,40.7045399,-74.0130866
Aerosoles,2 Broadway,,New York,NY,10004,11-01,Shopping,S-Shoes: Women's,40.7045399,-74.0130866
Starbucks Coffee,2 Broadway,,New York,NY,10004,11-1,Casual Eating & Takeout,F-Coffeehouse,40.7045399,-74.0130866
MCU Municipal Credit Union - ATM,2 Broadway,,New York,NY,10004,11-1,Personal and Professional Services,P-Banks and Check Cashing,40.7045399,-74.0130866
Burger King,16 Beaver Street,,New York,NY,10004,11-7,Casual Eating & Takeout,F-Fast Food,40.7048083,-74.0125066
Ciao Bow Wow Dog Daycare,16 Beaver Street,2nd Floor,New York,NY,10004,11-07,Shopping,"S-Pet Stores, Supplies & Services",40.7048083,-74.0125066
Candy Plus,16 Beaver Street,,New York,NY,10004,11-7,Shopping,S-Candy & Chocolate,40.7048083,-74.0125066
Yip's Restaurant,18 Beaver Street,,New York,NY,10004,11-09,Casual Eating & Takeout,F-Chinese,40.7048111,-74.0123928
Georgio's Pizzeria,20 Beaver Street,,New York,NY,10004,11-10,Casual Eating & Takeout,F-Pizza,40.7048362,-74.0123006
Emanuel's Hair & Nail Salon,22 Beaver Street,2nd Floor,New York,NY,10004,11-11,Personal and Professional Services,P-Hair Salon & Barber Shop,40.7048422,-74.012205
Trader's Cafe,22 Beaver Street,,New York,NY,10004,11-11,Casual Eating & Takeout,F-Deli,40.7048422,-74.012205
NYC Check Express,24 Beaver Street,,New York,NY,10004,11-12,Personal and Professional Services,P-Banks and Check Cashing,40.7048192,-74.0121199
Pay Half,80 Broad Street,,New York,NY,10004,11-21,Shopping,S-Apparel: Women's,40.7043408,-74.0118572
Citibank ATM,80 Broad Street,,New York,NY,10004,11-21,Personal and Professional Services,P-Banks and Check Cashing,40.7043408,-74.0118572
Quizno's,80 Broad Street,,New York,NY,10004,11-21,Casual Eating & Takeout,F-Fast Food,40.7043408,-74.0118572
Abigail Pessen Mediation Services,80 Broad Street,30th Floor,New York,NY,,11-21,Personal and Professional Services,P-Other,40.7043408,-74.0118572
First Republic Bank,80 Broad Street,,New York,NY,10004,11-21,Personal and Professional Services,P-Banks and Check Cashing,40.7043408,-74.0118572
Giuliano Gourmet Pizza & Deli,88 Broad Street,,New York,NY,10004,11-26,Casual Eating & Takeout,F-Pizza,40.7042701,-74.011876
Nebraska Steakhouse,15 Stone Street,,New York,NY,10004,11-27,Full Service Dining,F-Steak,40.7041934,-74.01210669999999
Urban Lobster Shack,15 Stone Street,,New York,NY,10004,11-27,Casual Eating & Takeout,F-Seafood,40.7041934,-74.01210669999999
Pizza Italia,11 Stone Street,,New York,NY,10004,11-29,Casual Eating & Takeout,F-Pizza,40.7042002,-74.0122725
Asian Fusion on Stone,11 Stone Street,2nd Floor,New York,NY,10004,11-29,Full Service Dining,F-Thai,40.7042002,-74.0122725
Ancora Ristorante,11 Stone Street,1st Floor,New York,NY,10004,11-29,Full Service Dining,F-Italian,40.7042002,-74.0122725
National Museum of the American Indian (Gift Shop),1 Bowling Green,,New York,NY,10004,12-1,Shopping,"S-Gifts, Cards & Stationery",40.70433420000001,-74.01397759999999
Dunkin Donuts,1 New York Plaza,Concourse Level,New York,NY,10004,4-7501,Casual Eating & Takeout,F-Fast Food,40.7020841,-74.0118801
Thread Eyebrow Salon,140 Nassau Street,,New York,NY,10038,100-26,Personal and Professional Services,P-Eyebrows,40.711246,-74.00616889999999
Coiffeur,140 Nassau Street,,New York,NY,10038,100-26,Personal and Professional Services,P-Hair Salon & Barber Shop,40.711246,-74.00616889999999
Bank of America ATM,140 Nassau Street,,New York,NY,10038,100-26,Personal and Professional Services,P-Banks and Check Cashing,40.711246,-74.00616889999999
Verizon Wireless,38 Park Row,,New York,NY,10038,101-1,Shopping,S-Cellular Phones,40.71165,-74.0067
The Hat Corner,145 Nassau Street,,New York,NY,10038,101-1,Shopping,S-Accessories,40.71165,-74.0067
Edible Arrangements,145 Nassau Street,1st Floor,New York,NY,10038,101-1,Shopping,S-Florist,40.71165,-74.0067
Shoetown,145 Nassau Street,,New York,NY,10038,101-1,Shopping,S-Shoes: Women's,40.71165,-74.0067
Antonella's Salon,6-8 Beekman Street,,New York,NY,10038,101-1,Personal and Professional Services,P-Hair Salon & Barber Shop,40.711423,-74.00646309999999
Starbucks Coffee,38 Park Row,,New York,NY,10038,101-1,Casual Eating & Takeout,F-Coffeehouse,40.71165,-74.0067
Optimo Cigars,38 Park Row,,New York,NY,10038,101-1,Personal and Professional Services,P-Newsstands,40.71165,-74.0067
Barnes & Noble Pace University Bookstore,41 Park Row,,New York,NY,,101-2,Shopping,S-Bookstores,40.7118,-74.0061
Bits Bites & Baguettes,22 Park Place,,New York,NY,10007,123-18,Casual Eating & Takeout,F-American,40.6792337,-73.9775973
Toastie's Deli,25 John Street,,New York,NY,10038,123-22,Casual Eating & Takeout,F-Deli,40.7098097,-74.0085713
Starbucks Coffee,233 Broadway,,New York,NY,10007,123-22,Casual Eating & Takeout,F-Coffeehouse,40.7124491,-74.0082925
Papyrus,233 Broadway,,New York,NY,10007,123-22,Shopping,"S-Gifts, Cards & Stationery",40.7124491,-74.0082925
Woolworth Tower Kitchen,9 Barclay Street,,New York,NY,10007,123-22,Full Service Dining,F-American,40.7122875,-74.00844529999999
Off Track Betting,25 Park Place,,New York,NY,10007,124-11,Personal and Professional Services,P-Gaming,40.6795333,-73.9773276
Church Street Boxing Gym,25 Park Place,Basement,New York,NY,10007,124-11,Personal and Professional Services,P-Athletic Clubs/Fitness,40.6795333,-73.9773276
AT&T,113 Church Street,,New York,NY,10007,124-12,Shopping,S-Cellular Phones,40.713568,-74.0087698
Shinjuku,105 Church Street,,New York,NY,10007,124-12,Casual Eating & Takeout,F-Japanese,40.7134407,-74.008898
Marie Costa News Stand,27 Park Place,,New York,NY,10007,124-12,Personal and Professional Services,P-Newsstands,40.6795062,-73.9772742
Sufu Nail & Spa,113 Church Street,,New York,NY,10007,124-12,Personal and Professional Services,P-Nail Salon,40.713568,-74.0087698
Yasha's Shoe Shine and Repair,109 Church Street,,New York,NY,10007,124-12,Personal and Professional Services,P-Shoe Repair/Shine,40.7134169,-74.0089138
Kunal Grocery Inc.,27 Park Place,#6,New York,NY,10007,124-12,Personal and Professional Services,P-Newsstands,40.6795062,-73.9772742
Club Remix,27 Park Place,,New York,NY,10007,124-12,Nightlife,N-Club,40.6795062,-73.9772742
Star Pizza,26 Murray Street,,New York,NY,10007,124-12,Casual Eating & Takeout,F-Pizza,40.7136113,-74.0087056
N.C.R. DVD Video Inc.,105 Church Street,,New York,NY,10007,124-12,Shopping,S-Adult Novelties,40.7134407,-74.008898
Downtown Deli,107 Church Street,,New York,NY,10007,124-12,Casual Eating & Takeout,F-Deli,40.7134526,-74.0088274
KD Connelly's,6 Murray Street,,New York,NY,10007,124-21,Full Service Dining,F-Irish Pub,40.7132703,-74.0080433
Dunkin Donuts,5 Park Place,,New York,NY,10038,124-24,Casual Eating & Takeout,F-Fast Food,40.6796336,-73.9781197
Duane Reade,250 Broadway,,New York,NY,10007,124-24,Shopping,S-Drugstores,40.7129839,-74.007819
Citibank,250 Broadway,,New York,NY,10013,124-24,Personal and Professional Services,P-Banks and Check Cashing,40.7129839,-74.007819
Sunny's Deli,11 Park Place,,New York,NY,10007,124-4,Casual Eating & Takeout,F-Deli,40.6796678,-73.977763
Muscle Maker Grill,10 Murray Street,,New York,NY,10007,124-4,Casual Eating & Takeout,F-Health,40.7133359,-74.0081867
Best of the Best Deli,11 Park Place,,New York,NY,10007,124-4,Casual Eating & Takeout,F-Deli,40.6796678,-73.977763
Little Italy Pizza,11 Park Place,,New York,NY,10007,124-4,Casual Eating & Takeout,F-Pizza,40.6796678,-73.977763
Digital Hard Copy,14 Murray Street,,New York,NY,10007,124-7,Personal and Professional Services,P-Copy and Printing Services,40.7132851,-74.0083872
Taj Tribeca,18 Murray Street,,New York,NY,10007,124-7501,Casual Eating & Takeout,F-Indian,40.7133698,-74.0085033
Tent & Trails,21 Park Place,,New York,NY,10007,124-9,Shopping,S-Sporting Goods & Athletic Wear,40.6795666,-73.9774657
Amish Fine Food,53 Park Place,,New York,NY,10007,126-13,Shopping,F-Supermarket,40.679243,-73.976542
AT&T Device Support Center,33 Park Place,,New York,NY,10007,126-27,Shopping,S-Cellular Phones,40.6794632,-73.9771624
Equinox Fitness Club,54 Murray Street,,New York,NY,10007,126-27,Personal and Professional Services,P-Athletic Clubs/Fitness,40.7141901,-74.0100543
Duane Reade,37 Broadway,,New York,NY,10006,20-4,Shopping,S-Drugstores,40.7062214,-74.0132177
Emigrant Savings Bank,110 Church Street,,New York,NY,10007,126-27,Personal and Professional Services,P-Banks and Check Cashing,40.7135918,-74.0092858
Starbucks Coffee,120 Church Street,,New York,NY,10007,126-27,Casual Eating & Takeout,F-Coffeehouse,40.7136692,-74.0091652
De Janeiro,110 Church Street,,New York,NY,10007,126-27,Shopping,S-Apparel: Women's,40.7135918,-74.0092858
Dakota Roadhouse,43 Park Place,,New York,NY,10007,126-8,Nightlife,N-Bar,40.6793207,-73.9768888
Chase Bank,101 Barclay Street,,New York,NY,10007,128-2,Personal and Professional Services,P-Banks and Check Cashing,40.7144488,-74.01215069999999
Citibank,1 Broadway,,New York,NY,10004,13-1,Personal and Professional Services,P-Banks and Check Cashing,40.7049765,-74.0144337
Perfect Copy Center,11 Broadway,4th Floor,New York,NY,10004,13-5,Personal and Professional Services,P-Copy and Printing Services,40.7052529,-74.01407030000001
Cafe Plaza Deli,11 Broadway,,New York,NY,10004,13-5,Casual Eating & Takeout,F-Deli,40.7052529,-74.01407030000001
Subway,11 Broadway,,New York,NY,10004,13-5,Casual Eating & Takeout,F-Fast Food,40.7052529,-74.01407030000001
New York Wine Exchange,9 Broadway,,New York,NY,10004,13-5,Shopping,S-Liquor Store,40.7051869,-74.0142069
Radio Shack,9 Broadway,,New York,NY,10004,13-5,Shopping,S-Computers & Electronics,40.7051869,-74.0142069
Berkshire Bank,5 Broadway,,New York,NY,10004,13-5,Personal and Professional Services,P-Banks and Check Cashing,40.7051181,-74.01416449999999
Ferris Consulting Corporation,11 Broadway,4th Floor,New York,NY,10004,13-5,Personal and Professional Services,P-Other,40.7052529,-74.01407030000001
City Blossoms,2 Washington Street,,New York,NY,10004,15-1,Shopping,S-Florist,40.7056387,-74.0156958
Duane Reade,17 Battery Place,,New York,NY,10004,15-1,Shopping,S-Drugstores,40.7051606,-74.0159868
Zaytuna,17 Battery Place,,New York,NY,10004,15-1,Shopping,F-Gourmet Food Shops,40.7051606,-74.0159868
West Bank Gourmet,21 West Street,,New York,NY,10006,15-22,Casual Eating & Takeout,F-Deli,40.7063636,-74.01561699999999
Merchants NY Cafe,90 Washington Street,,New York,NY,10006,17-29,Full Service Dining,F-American,40.70803,-74.01486899999999
West Street Wine & Spirits Outlet,56 West Street,,New York,NY,10006,17-7502,Shopping,S-Liquor Store,40.70834350000001,-74.0151364
Petropolis,91 Washington Street,,New York,NY,10006,18-27,Shopping,"S-Pet Stores, Supplies & Services",40.7079952,-74.0143571
"Jeffrey Levine, Attorney At Law",19 Rector Street,,New York,NY,10006,18-27,Personal and Professional Services,P-Other,40.7079273,-74.013943
United States Postal Service Automated Postal Center,15 Rector Street,,New York,NY,,18-7501,Personal and Professional Services,P-Packaging/Shipping,40.707859,-74.0140909
Syms,42 Trinity Place,,New York,NY,10006,19-13,Shopping,S-Apparel: Men's & Women's,40.707363,-74.0135575
Tajin Mexican,85 Greenwich Street,,New York,NY,10006,19-18,Casual Eating & Takeout,F-Mexican,40.7076612,-74.0134539
NYC Check Express Inc.,46 Trinity Place,,New York,NY,10006,19-19,Personal and Professional Services,P-Banks and Check Cashing,40.7076617,-74.0133907
Check Express,46 Trinity Place,1st Floor,New York,NY,,19-19,Personal and Professional Services,P-Banks and Check Cashing,40.7076617,-74.0133907
George's New York,89 Greenwich Street,,New York,NY,10006,19-21,Casual Eating & Takeout,F-American,40.7077238,-74.0134994
Travelex,29 Broadway,,New York,NY,10006,20-1,Visitor Services,V-Currency Exchange,40.7061601,-74.013708
Bank of America,29 Broadway,,New York,NY,10006,20-1,Personal and Professional Services,P-Banks and Check Cashing,40.7061601,-74.013708
China Chalet,47 Broadway,2nd Floor,New York,NY,10006,20-12,Full Service Dining,F-Chinese,40.7066653,-74.0131375
T.G.I. Friday's,47 Broadway,,New York,NY,10006,20-12,Full Service Dining,F-Restaurant & Bar,40.7066653,-74.0131375
Cafe Exchange & Catering,49 Broadway,,New York,NY,10006,20-13,Casual Eating & Takeout,F-Deli,40.706802,-74.01329179999999
Sale & Pepe Fine Foods & Catering,1 Exchange Plaza,,New York,NY,10006,20-16,Casual Eating & Takeout,F-American,40.7067944,-74.0128876
Arce Shoe Repair,1 Exchange Plaza,,New York,NY,10006,20-16,Personal and Professional Services,P-Shoe Repair/Shine,40.7067944,-74.0128876
FedEx Kinkos,55 Broadway,,New York,NY,10006,20-16,Personal and Professional Services,P-Packaging/Shipping,40.7068263,-74.01303039999999
Blarney Stone,11 Trinity Place,,New York,NY,10006,20-4,Full Service Dining,F-Irish Pub,40.7062029,-74.0137007
Hallmark Gold Crown,39 Broadway,,New York,NY,10006,20-4,Shopping,"S-Gifts, Cards & Stationery",40.7063394,-74.0134099
Variety Cafe On Broadway,65 Broadway,,New York,NY,10006,21-4,Casual Eating & Takeout,F-Deli,40.707398,-74.0126037
New York Diamond Center,65 Broadway,Suite 744,New York,NY,,21-4,Shopping,S-Jeweler,40.707398,-74.0126037
Bean & Bean Organic Coffee,71 Broadway,,New York,NY,10006,21-6,Casual Eating & Takeout,F-Coffeehouse,40.7075758,-74.0127751
71 Cleaners,71 Broadway,Lower Level,New York,NY,10006,21-6,Personal and Professional Services,P-Dry Cleaning,40.7075758,-74.0127751
Champs Gourmet Deli,71 Broadway,,New York,NY,10006,21-6,Casual Eating & Takeout,F-Deli,40.7075758,-74.0127751
International Haircutters,1 Rector Street,,New York,NY,10006,21-6,Personal and Professional Services,P-Hair Salon & Barber Shop,40.7074221,-74.01236039999999
David Shoe Repair,71 Broadway,,New York,NY,10006,21-6,Personal and Professional Services,P-Shoe Repair/Shine,40.7075758,-74.0127751
Stapleton Factory Shoe Outlet,1 Rector Street,,New York,NY,10006,21-6,Shopping,S-Shoes: Men's,40.7074221,-74.01236039999999
Signature Bank,71 Broadway,,New York,NY,10006,21-6,Personal and Professional Services,P-Banks and Check Cashing,40.7075758,-74.0127751
Complete Entertainment Exchange,71 Broadway,Lower Level,New York,NY,10006,21-6,Shopping,S-Computers & Electronics,40.7075758,-74.0127751
"Das Smoke Shop, Inc.",26 Broadway,9th Floor,New York,NY,10004,22-13,Personal and Professional Services,P-Newsstands,40.7054423,-74.01288819999999
HSBC,26 Broadway,,New York,NY,10004,22-13,Personal and Professional Services,P-Banks and Check Cashing,40.7054423,-74.01288819999999
Sol Speedy,26 Broadway,Lobby,New York,NY,10004,22-13,Personal and Professional Services,P-Copy and Printing Services,40.7054423,-74.01288819999999
Sophie's Cuban Cuisine,73 New Street,,New York,NY,10004,22-13,Casual Eating & Takeout,F-Caribbean,40.636057,-74.13139799999999
Blue Chip Deli,26 Broadway,Lobby,New York,NY,10004,22-13,Casual Eating & Takeout,F-Deli,40.7054423,-74.01288819999999
Stir Cafe,32 Broadway,,New York,NY,10004,22-17,Casual Eating & Takeout,F-Cafe & Eatery,40.7057954,-74.0127256
Pita Grill,69 New Street,,New York,NY,10004,22-17,Casual Eating & Takeout,F-Middle Eastern,40.635989,-74.1312389
The Grotto Restaurant & Catering,69 New Street,Lower Level,New York,NY,10004,22-17,Casual Eating & Takeout,F-Pizza,40.635989,-74.1312389
Sushi by Bento Nouveau,32 Broadway,,New York,NY,10004,22-17,Casual Eating & Takeout,F-Japanese,40.7057954,-74.0127256
New Street Barber Shop,42 Broadway,Lower Level,New York,NY,10004,22-20,Personal and Professional Services,P-Hair Salon & Barber Shop,40.7059797,-74.01260289999999
Chase Bank,42 Broadway,,New York,NY,10004,22-20,Personal and Professional Services,P-Banks and Check Cashing,40.7059797,-74.01260289999999
Staples,42 Broadway,,New York,NY,10004,22-20,Shopping,S-Office Supplies & Equipment,40.7059797,-74.01260289999999
VMS Candy & Cigar Corporation,42 Broadway,Lobby,New York,NY,10004,22-20,Personal and Professional Services,P-Newsstands,40.7059797,-74.01260289999999
Daffy's,50 Broadway,,New York,NY,10004,22-22,Shopping,S-Apparel: Men's & Women's,40.7062417,-74.0124507
Pret A Manger,50 Broadway,,New York,NY,10004,22-24,Casual Eating & Takeout,F-Cafe & Eatery,40.7062417,-74.0124507
Trade Center Lock & Hardware,45 New Street,,New York,NY,10004,22-24,Personal and Professional Services,P-Hardware & Locksmiths,40.705964,-74.012220
Cafe Bravo,52 Broadway,,New York,NY,10004,22-28,Casual Eating & Takeout,F-Deli,40.7064819,-74.0122811
Amalgamated Bank,52 Broadway,,New York,NY,10004,22-28,Personal and Professional Services,P-Banks and Check Cashing,40.7064819,-74.0122811
Bank of New York Mellon,1 Wall Street,,New York,NY,10286,23-7,Personal and Professional Services,P-Banks and Check Cashing,40.707491,-74.0116385
"Christopher Norman Chocolates, Ltd.",60 New Street,,New York,NY,10004,24-1,Shopping,S-Candy & Chocolate,40.635488,-74.131215
Pret A Manger,60 Broad Street,,New York,NY,10005,24-1,Casual Eating & Takeout,F-Cafe & Eatery,40.7051602,-74.0117503
Au Bon Pain,60 Broad Street,,New York,NY,10004,24-1,Casual Eating & Takeout,F-Cafe & Eatery,40.7051602,-74.0117503
LensCrafters Optique,60 Broad Street,,New York,NY,10004,24-1,Personal and Professional Services,S-Glasses & Sunglasses,40.7051602,-74.0117503
Blue Chip Unisex Salon,44 New Street,,New York,NY,10004,24-19,Personal and Professional Services,P-Hair Salon & Barber Shop,40.706034,-74.011776
Mohan Jewelers,44 New Street,,New York,NY,,24-19,Shopping,S-Jeweler,40.706034, -74.011776
Champs Gourmet Deli,30 Broad Street,,New York,NY,10004,24-29,Casual Eating & Takeout,F-Deli,40.706108,-74.011544
Dijon,30 New Street,,New York,NY,10004,24-29,Shopping,S-Apparel: Women's,40.706245,-74.011596
Subway,30 New Street,,New York,NY,10004,24-29,Casual Eating & Takeout,F-Fast Food,40.706245,-74.011596
Roman Shoe Repair & Shine,30 New Street,Ground Level,New York,NY,10004,24-29,Personal and Professional Services,P-Shoe Repair/Shine,40.706245,-74.011596
SHO Shaun Hergatt at The Setai,40 Broad Street,,New York,NY,10012,24-32,Full Service Dining,F-Euro Asian,40.7060375,-74.0117772
Liberty Travel,50 Broad Street,,New York,NY,10004,24-36,Personal and Professional Services,P-Travel Agency,40.70569990000001,-74.011785
New York Lottery,15 Beaver Street,,New York,NY,10004,24-38,Personal and Professional Services,P-Gaming,40.7051255,-74.0124165
Gary Vending,25 Beaver Street,Lobby,New York,NY,10004,24-38,Personal and Professional Services,P-Newsstands,40.7052085,-74.0122216
Broad Street Jewelers,29 Beaver Street,,New York,NY,10004,24-38,Shopping,S-Jeweler,40.7049756,-74.01192309999999
The Setai Spa,40 Broad Street,Floor 3,New York,NY,10004,24-7501,Personal and Professional Services,P-Spa,40.7060375,-74.0117772
Cosi Sandwich Bar,55 Broad Street,,New York,NY,10004,25-1,Casual Eating & Takeout,F-Cafe & Eatery,40.7053174,-74.0110854
Starbucks Coffee,55 Broad Street,,New York,NY,10004,25-1,Casual Eating & Takeout,F-Coffeehouse,40.7053174,-74.0110854
Bobby Van's Steakhouse,25 Broad Street,,New York,NY,10004,25-19,Full Service Dining,F-Steak,40.7060887,-74.0111372
Exchange Cleaners,25 Broad Street,,New York,NY,10004,25-19,Personal and Professional Services,P-Dry Cleaning,40.7060887,-74.0111372
Canali,25 Broad Street,,New York,NY,10005,25-19,Shopping,S-Apparel: Men's,40.7060887,-74.0111372
Bobby Van's Grill,25 Broad Street,,New York,NY,10004,25-19,Full Service Dining,F-Steak,40.7060887,-74.0111372
De Janeiro,27 William Street,,New York,NY,10005,25-27,Shopping,S-Apparel: Women's,40.7057679,-74.01019459999999
Blimpie,40 Exchange Place,,New York,NY,10005,25-27,Casual Eating & Takeout,F-Fast Food,40.7057883,-74.01024989999999
All Brands Office Equipment Inc.,40 Exchange Place,4th Floor,New York,NY,10005,25-27,Shopping,S-Office Supplies & Equipment,40.7057883,-74.01024989999999
"Sam Swick Leather Goods, Inc.",40 Exchange Place,Suite 1709,New York,NY,10005,25-27,Shopping,S-Leather & Luggage,40.7057883,-74.01024989999999
Minas Shoe Repair Inc.,40 Exchange Place,,New York,NY,10006,25-27,Personal and Professional Services,P-Shoe Repair/Shine,40.7057883,-74.01024989999999
The Irish Punt,40 Exchange Place,,New York,NY,10005,25-27,Full Service Dining,F-Irish Pub,40.7057883,-74.01024989999999
Cafe Doppio,55 Broad Street,,New York,NY,10004,25-32,Casual Eating & Takeout,F-Cafe & Eatery,40.7053174,-74.0110854
Hale and Hearty Soup,55 Broad Street,,New York,NY,10004,25-32,Casual Eating & Takeout,F-Soup,40.7053174,-74.0110854
Chase Bank,45 Wall Street,,New York,NY,10286,26-1,Personal and Professional Services,P-Banks and Check Cashing,40.7061778,-74.0099151
Black Label,43 Exchange Place,,New York,NY,10005,26-14,Personal and Professional Services,P-Spa,40.706057,-74.01035569999999
Tiffany & Co.,37 Wall Street,,New York,NY,10005,26-14,Shopping,S-Jeweler,40.70648,-74.0101672
Tourbillon,45 Wall Street,,New York,NY,10004,26-21,Shopping,S-Jeweler,40.7061778,-74.0099151
Cucina Bene,41 Exchange Place,,New York,NY,10004,26-21,Casual Eating & Takeout,F-Pizza,40.7062407,-74.0100679
Hermés,15 Broad Street,,New York,NY,10005,26-7501,Shopping,S-Apparel: Men's & Women's,40.7067114,-74.010457
Cipriani Wall Street,55 Wall Street,,New York,NY,10005,27-1,Full Service Dining,F-Italian,40.7060794,-74.0093213
Minas Shoe Repair Inc.,67 Wall Street,,New York,NY,10005,27-17,Personal and Professional Services,P-Shoe Repair/Shine,40.7055787,-74.0083779
BMW,67 Wall Street,,New York,NY,10005,27-17,Shopping,S-Cars,40.7055787,-74.0083779
Tumi,67 Wall Street,,New York,NY,10005,27-17,Shopping,S-Leather & Luggage,40.7055787,-74.0083779
Crumbs Bakeshop,87 Beaver Street,,New York,NY,,27-17,Casual Eating & Takeout,F-Bakery,40.7054218,-74.0086129
US Post Office-Hanover Finance Station,1 Hanover Street,,New York,NY,10005,27-9,Community Resources,C-Post Office,40.7056013,-74.0087755
Thomas Pink,63 Wall Street,,New York,NY,,27-9,Shopping,S-Apparel: Men's,40.7056004,-74.0087796
La Maison du Chocolat,63 Wall Street,,New York,NY,10005,27-9,Shopping,S-Candy & Chocolate,40.7056004,-74.0087796
Yorganic,3 Hanover Square,,New York,NY,10004,28-1,Casual Eating & Takeout,F-Health,40.70499849999999,-74.00962489999999
Hanover Gourmet Deli,3 Hanover Square,,New York,NY,10004,28-1,Casual Eating & Takeout,F-Deli,40.70499849999999,-74.00962489999999
Ray's Jewelry,3 Hanover Square,,New York,NY,10004,28-1,Shopping,S-Jeweler,40.70499849999999,-74.00962489999999
Taste of Tokyo,60 Beaver Street,,New York,NY,10004,28-1,Full Service Dining,F-Japanese,40.7051035,-74.0096066
Joseph's Restaurant,3 Hanover Square,,New York,NY,10005,28-1,Full Service Dining,F-Italian,40.70499849999999,-74.00962489999999
George's Hair Styling,60 Beaver Street,,New York,NY,10004,28-1,Personal and Professional Services,P-Hair Salon & Barber Shop,40.7051035,-74.0096066
Leonidas Belgian Chocolates,3 Hanover Square,,New York,NY,10004,28-1,Shopping,S-Candy & Chocolate,40.70499849999999,-74.00962489999999
Underground Pizza,3 Hanover Square,,New York,NY,10004,28-1,Casual Eating & Takeout,F-Pizza,40.70499849999999,-74.00962489999999
Leo's Bagels,3 Hanover Square,,New York,NY,10004,28-1,Casual Eating & Takeout,F-Bagels,40.70499849999999,-74.00962489999999
Cafe Bravo,11 Hanover Square,,New York,NY,10005,28-12,Casual Eating & Takeout,F-Deli,40.70526350000001,-74.00885199999999
Killarney Rose Garden,80 Beaver Street,,New York,NY,10005,28-15,Full Service Dining,F-Irish Pub,40.7051604,-74.0087442
Haru,1 Wall Street Court,,New York,NY,10005,28-17,Full Service Dining,F-Japanese,40.707491,-74.0116385
Fino Wall Street,1 Wall Street Court,,New York,NY,10005,28-17,Full Service Dining,F-Italian,40.707491,-74.0116385
The UPS Store,5 Hanover Square,,New York,NY,10004,28-5,Personal and Professional Services,P-Packaging/Shipping,40.7050758,-74.0091604
Cafe Hanover,5 Hanover Square,,New York,NY,10005,28-5,Casual Eating & Takeout,F-Cafe & Eatery,40.7050758,-74.0091604
Barclay-Rex,75 Broad Street,,New York,NY,10004,29-1,Shopping,S-Cigars,40.7046866,-74.01123040000002
New Golden Chopsticks,77 Pearl Street,,New York,NY,10004,29-22,Casual Eating & Takeout,F-Chinese,40.70404509999999,-74.01048519999999
Bingo Deli,77 Pearl Street,1st Floor,New York,NY,10004,29-22,Casual Eating & Takeout,F-Deli,40.70404509999999,-74.01048519999999
Terrace Fish & Chip,77 Pearl Street,,New York,NY,10004,29-22,Casual Eating & Takeout,F-Seafood,40.70404509999999,-74.01048519999999
Ruben's Empanadas,77 Pearl Street,,New York,NY,10004,29-22,Casual Eating & Takeout,F-Argentinian,40.70404509999999,-74.01048519999999
Pizza Pizza NYC,77 Pearl Street,,New York,NY,10004,29-22,Casual Eating & Takeout,F-Pizza,40.70404509999999,-74.01048519999999
Burger Burger,77 Pearl Street,,New York,NY,10004,29-22,Casual Eating & Takeout,F-Fast Food,40.70404509999999,-74.01048519999999
Waterstone Grill,79 Pearl Street,,New York,NY,10004,29-23,Full Service Dining,F-American,40.704087,-74.01041049999999
Beckett's,81 Pearl Street,,New York,NY,10004,29-24,Full Service Dining,F-Restaurant & Bar,40.7041286,-74.0103355
Mad Dog & Beans,83 Pearl Street,,New York,NY,10004,29-25,Full Service Dining,F-Mexican,40.7041783,-74.01027429999999
Stone Street Tavern,52 Stone Street,,New York,NY,10004,29-27,Full Service Dining,F-Restaurant & Bar,40.7042272,-74.0102139
Adrienne's Pizza Bar,54 Stone Street,,New York,NY,10004,29-27,Full Service Dining,F-Pizza,40.704285,-74.0101208
Harry's Cafe/Harry's Steak,1 Hanover Square,,New York,NY,10004,29-33,Full Service Dining,F-Steak,40.7046145,-74.0097339
Bayard's,1 Hanover Square,,New York,NY,10004,29-33,Casual Eating & Takeout,F-Catering,40.7046145,-74.0097339
Ulysses',95 Pearl Street,,New York,NY,10004,29-33,Casual Eating & Takeout,F-Seafood,40.7043615,-74.0100459
Financier Patisserie,62 Stone Street,,New York,NY,10004,29-33,Casual Eating & Takeout,F-Bakery,40.704494,-74.0098782
Vintry Wine & Whiskey,57 Stone Street,,New York,NY,10004,29-45,Full Service Dining,F-Wine Bar,40.70452,-74.0102668
Royal Wine Merchants,13 South William Street,,New York,NY,10004,29-45,Shopping,S-Liquor Store,40.7045427,-74.0103879
Smorgas Chef,53 Stone Street,,New York,NY,10004,29-47,Full Service Dining,F-Scandinavian,40.70446099999999,-74.0103936
Crepes Du Nord,17 South William Street,,New York,NY,10004,29-47,Full Service Dining,F-French,40.7044697,-74.0104904
The Dubliner,45 Stone Street,,New York,NY,10004,29-49,Full Service Dining,F-Restaurant & Bar,40.7043378,-74.01036479999999
Wong's Custom Tailor,28 South William Street,,New York,NY,10004,29-70,Personal and Professional Services,P-Tailoring,40.7044825,-74.0111435
Wachovia ATM,75 Broad Street,,New York,NY,10004,29-70,Personal and Professional Services,P-Banks and Check Cashing,40.7046866,-74.01123040000002
Duane Reade,75 Broad Street,,New York,NY,10004,29-70,Shopping,S-Drugstores,40.7046866,-74.01123040000002
Delmonico's Steakhouse,56 Beaver Street,,New York,NY,10004,29-82,Full Service Dining,F-Steak,40.7049162,-74.0104198
Best Shoe Repair,48 Beaver Street,,New York,NY,10004,29-82,Personal and Professional Services,P-Shoe Repair/Shine,40.7049647,-74.010733
Barber Shop,48 Beaver Street,,New York,NY,10004,29-82,Personal and Professional Services,P-Hair Salon & Barber Shop,40.7049647,-74.010733
Diwan E. Khaas,26 South William Street,,New York,NY,10004,29-86,Casual Eating & Takeout,F-Indian,40.7045175,-74.0109504
No. 1 Little House,10 South William Street,,New York,NY,10004,29-86,Full Service Dining,F-Chinese,40.70472729999999,-74.010645
Oggi Hair Salon & Nail Spa,2 Coenties Slip,,New York,NY,10004,30-1,Personal and Professional Services,P-Hair Salon & Barber Shop,40.7036564,-74.0103989
L'Atelier Des Fleurs Floral & Event Design,74 Pearl Street,,New York,NY,10004,30-1,Shopping,S-Florist,40.7037389,-74.0104776
Eastern Newsstands,7 Hanover Square,,New York,NY,10005,30-19,Personal and Professional Services,P-Newsstands,40.704046,-74.0096618
L & M Pearl Cleaners,7 Hanover Square,,New York,NY,10004,30-19,Personal and Professional Services,P-Dry Cleaning,40.704046,-74.0096618
Diamond's Hallmark,7 Hanover Square,,New York,NY,10004,30-19,Shopping,"S-Gifts, Cards & Stationery",40.704046,-74.0096618
Esther's Shoe Repair,7 Hanover Square,,New York,NY,10004,30-19,Personal and Professional Services,P-Shoe Repair/Shine,40.704046,-74.0096618
Optical Insight,7 Hanover Square,,New York,NY,10004,30-19,Shopping,S-Glasses & Sunglasses,40.704046,-74.0096618
Mark Wilkinson Furniture,7 Hanover Square,,New York,NY,10004,30-19,Shopping,S-Home Furnishings & Decor,40.704046,-74.0096618
Myoptics Opticians,7 Hanover Square,,New York,NY,10004,30-19,Shopping,S-Glasses & Sunglasses,40.704046,-74.0096618
Pearl Hairstyling Salon,76 Pearl Street,,New York,NY,10004,30-3,Personal and Professional Services,P-Hair Salon & Barber Shop,40.7036995,-74.0103389
Nu Sushi,76 Pearl Street,,New York,NY,10004,30-3,Casual Eating & Takeout,F-Japanese,40.7036995,-74.0103389
Da Vinci Pizza,44 Water Street,,New York,NY,10004,30-32,Casual Eating & Takeout,F-Pizza,40.7036079,-74.0101088
All American Water Street Deli,42 Water Street,,New York,NY,,30-33,Casual Eating & Takeout,F-Deli,40.7035612,-74.01017929999999
AT&T,40 Water Street,,New York,NY,10004,30-34,Shopping,S-Cellular Phones,40.7035168,-74.0102477
King's Custom Tailoring,40 Water Street,,New York,NY,10004,30-34,Personal and Professional Services,P-Tailoring,40.7035168,-74.0102477
Fresco on the Go,114 Pearl Street,,New York,NY,10005,31-1,Casual Eating & Takeout,F-Continental,40.7047329,-74.00871409999999
The Original Soupman,110 Pearl Street,,New York,NY,10005,31-1,Casual Eating & Takeout,F-Soup,40.70459220000001,-74.0088229
Apple Bank for Savings,10 Hanover Square,,New York,NY,10005,31-1,Personal and Professional Services,P-Banks and Check Cashing,40.7046002,-74.00893049999999
Starbucks Coffee,110 Pearl Street,,New York,NY,10005,31-1,Casual Eating & Takeout,F-Coffeehouse,40.70459220000001,-74.0088229
Mercantile Grill,126 Pearl Street,,New York,NY,10005,31-10,Full Service Dining,F-American,40.704804,-74.0086218
Bar Seven Five,75 Wall Street,,New York,NY,10005,31-11,Nightlife,N-Bar,40.7051405,-74.0079954
Wall & Water,75 Wall Street,,New York,NY,10005,31-11,Full Service Dining,F-American,40.7051405,-74.0079954
Chase Bank,55 Water Street,,New York,NY,10041,32-7501,Personal and Professional Services,P-Banks and Check Cashing,40.7033226,-74.0088962
Downtown Manhattan Candy Store,77 Water Street,,New York,NY,10005,33-1,Shopping,S-Candy & Chocolate,40.7041997,-74.0082419
Duane Reade,95 Wall Street,,New York,NY,10005,33-11,Shopping,S-Drugstores,40.7046867,-74.0074853
Bolton's,95 Wall Street,,New York,NY,10005,33-11,Shopping,S-Apparel: Women's,40.7046867,-74.0074853
T-Mobile,99 Wall Street,,New York,NY,10005,33-22,Shopping,S-Cellular Phones,40.7048253,-74.0072831
"Kamlesh, Inc.",111 Wall Street,,New York,NY,10005,35-10,Personal and Professional Services,P-Newsstands,40.704267,-74.00699999999999
Koodo Sushi,55 Liberty Street,,New York,NY,10005,37-23,Full Service Dining,F-Japanese,40.7088048,-74.009407
FedEx,110 Wall Street,,New York,NY,10005,37-8,Personal and Professional Services,P-Packaging/Shipping,40.7049124,-74.0064032
Verizon Wireless,100 Wall Street,,New York,NY,10005,38-1,Shopping,S-Cellular Phones,40.70522030000001,-74.0068009
Starbucks Coffee,100 Wall Street,,New York,NY,10005,38-1,Casual Eating & Takeout,F-Coffeehouse,40.70522030000001,-74.0068009
Fed Ex Kinko's,100 Wall Street,,New York,NY,10005,38-1,Personal and Professional Services,P-Copy and Printing Services,40.70522030000001,-74.0068009
Apple Bank for Savings,88 Pine Street,,New York,NY,10005,38-17,Personal and Professional Services,P-Banks and Check Cashing,40.7056783,-74.00608849999999
AT&T,82 Wall Street,,New York,NY,10038,39-1,Shopping,S-Cellular Phones,40.7054169,-74.0074855
Hirsute Salon,82 Wall Street,,New York,NY,10005,39-1,Personal and Professional Services,P-Hair Salon & Barber Shop,40.7054169,-74.0074855
Pine Street Nuts & Candy,79 Pine Street,,New York,NY,10005,39-1001,Shopping,S-Candy & Chocolate,40.7058383,-74.0073737
Wall Street Wine Merchant,79 Pine Street,,New York,NY,10005,39-1001,Shopping,S-Liquor Store,40.7058383,-74.0073737
Shinju Sushi,164 Pearl Street,,New York,NY,10005,39-1001,Casual Eating & Takeout,F-Japanese,40.7058765,-74.0074034
Cafe Water,130 Water Street,,New York,NY,10038,39-1001,Casual Eating & Takeout,F-Deli,40.7057895,-74.0071687
Lane Jewelers,79 Pine Street,,New York,NY,10005,39-1001,Shopping,S-Jeweler,40.7058383,-74.0073737
Rose Hair Salon,79 Pine Street,,New York,NY,,39-1001,Personal and Professional Services,P-Hair Salon & Barber Shop,40.7058383,-74.0073737
Pine Street Cleaners,164 Pearl Street,,New York,NY,10005,39-1001,Personal and Professional Services,P-Dry Cleaning,40.7058765,-74.0074034
Telestar Locksmiths II,79 Pine Street,,New York,NY,10005,39-1001,Personal and Professional Services,P-Hardware & Locksmiths,40.7058383,-74.0073737
Vietnamese Sandwiches,164 Pearl Street,,New York,NY,10005,39-1001,Casual Eating & Takeout,F-Vietnamese,40.7058765,-74.0074034
The Mailroom,79 Pine Street,,New York,NY,10005,39-1001,Personal and Professional Services,P-Packaging/Shipping,40.7058383,-74.0073737
Au Bon Pain,80 Pine Street,,New York,NY,10005,39-12,Casual Eating & Takeout,F-Cafe & Eatery,40.7061616,-74.0068218
Starbucks Coffee,80 Pine Street,,New York,NY,10005,39-12,Casual Eating & Takeout,F-Coffeehouse,40.7061616,-74.0068218
Flowers of the World,80 Pine Street,,New York,NY,10005,39-12,Shopping,S-Florist,40.7061616,-74.0068218
Hale and Hearty Soup,110 Maiden Lane,,New York,NY,10005,39-12,Casual Eating & Takeout,F-Soup,40.7061672,-74.0066578
The Pump,80 Pine Street,,New York,NY,10005,39-12,Casual Eating & Takeout,F-Health,40.7061616,-74.0068218
Cafe Wall Street,80 Wall Street,,New York,NY,10005,39-4,Casual Eating & Takeout,F-Deli,40.7056275,-74.0076321
Niko Niko Sushi & Bowl,80 Wall Street,,New York,NY,10005,39-4,Casual Eating & Takeout,F-Japanese,40.7056275,-74.0076321
Subway,122 Water Street,,New York,NY,10005,39-40,Casual Eating & Takeout,F-Fast Food,40.70554,-74.007334
Sprint,120 Water Street,,New York,NY,10005,39-41,Shopping,S-Cellular Phones,40.705498,-74.007364
Trinity Smoke,160 Pearl Street,,New York,NY,10005,39-6,Shopping,S-Cigars,40.7057353,-74.0074865
The Full Shilling,160 Pearl Street,,New York,NY,10005,39-6,Full Service Dining,F-Irish Pub,40.7057353,-74.0074865
Museum of American Finance Gift Shop,48 Wall Street,,New York,NY,10004,40-1,Shopping,"S-Gifts, Cards & Stationery",40.7065668,-74.00904229999999
William's Restaurant & Bar,52 William Street,,New York,NY,10005,40-16,Full Service Dining,F-Restaurant & Bar,40.7067843,-74.0089713
Martin News,60 Wall Street,Atrium,New York,NY,10005,40-3,Personal and Professional Services,P-Newsstands,40.7061678,-74.00831939999999
Country Cafe,60 Wall Street,Atrium,New York,NY,10005,40-3,Casual Eating & Takeout,F-Cafe & Eatery,40.7061678,-74.00831939999999
Le Glacier,60 Wall Street,Atrium,New York,NY,10005,40-3,Casual Eating & Takeout,F-Coffeehouse,40.7061678,-74.00831939999999
Cobbler Express,60 Wall Street,,New York,NY,10005,40-3,Personal and Professional Services,P-Shoe Repair/Shine,40.7061678,-74.00831939999999
The Ketch,181 Pearl Street,,New York,NY,10270,41-1,Full Service Dining,F-Seafood,40.7063056,-74.00746629999999
Gift Works Boutique,70 Pine Street,,New York,NY,10270,41-1,Shopping,S-Jeweler,40.7065047,-74.00777149999999
Country Bakery Cafe,70 Pine Street,,New York,NY,10270,41-1,Casual Eating & Takeout,F-Cafe & Eatery,40.7065047,-74.00777149999999
Ise Japanese Restaurant,56 Pine Street,,New York,NY,10005,41-19,Full Service Dining,F-Japanese,40.706839,-74.0083401
Diwan E. Khaas,26 Cedar Street,,New York,NY,10005,41-19,Casual Eating & Takeout,F-Indian,40.7070189,-74.0083887
Taz Cafe,54 Pine Street,,New York,NY,10005,41-20,Casual Eating & Takeout,F-Deli,40.7068228,-74.0085182
Koyzina Kafe,62 William Street,,New York,NY,10005,41-24,Casual Eating & Takeout,F-Cafe & Eatery,40.7071041,-74.0084746
Yip's Oriental Express,32 Cedar Street,Lower Level,New York,NY,10005,41-24,Casual Eating & Takeout,F-Chinese,40.7072012,-74.00859779999999
HSBC,100 Maiden Lane,,New York,NY,10038,42-1,Personal and Professional Services,P-Banks and Check Cashing,40.7066721,-74.00715699999999
Chipotle,100 Maiden Lane,,New York,NY,10038,42-1,Casual Eating & Takeout,F-Mexican,40.7066721,-74.00715699999999
Subway,100 Maiden Lane,,New York,NY,10038,42-1,Casual Eating & Takeout,F-Fast Food,40.7066721,-74.00715699999999
Dunkin Donuts,100 Maiden Lane,,New York,NY,10038,42-1,Casual Eating & Takeout,F-Fast Food,40.7066721,-74.00715699999999
Just Salad,100 Maiden Lane,,New York,NY,10038,42-1,Casual Eating & Takeout,F-Health,40.7066721,-74.00715699999999
Financier Patisserie,35 Cedar Street,,New York,NY,10005,42-22,Casual Eating & Takeout,F-Bakery,40.707157,-74.008337
Liberatos Pizza,17 Cedar Street,,New York,NY,10038,42-31,Casual Eating & Takeout,F-Pizza,40.7069636,-74.0079385
Duane Reade,80 Maiden Lane,,New York,NY,10038,42-31,Shopping,S-Drugstores,40.7071228,-74.00777149999999
Dijon,80 Maiden Lane,,New York,NY,10038,42-31,Shopping,S-Apparel: Women's,40.7071228,-74.00777149999999
Divesh News,80 Maiden Lane,Lobby,New York,NY,10038,42-31,Personal and Professional Services,P-Newsstands,40.7071228,-74.00777149999999
Koyzina Grill,25 Cedar Street,,New York,NY,10005,42-31,Casual Eating & Takeout,F-American,40.70708570000001,-74.0080807
Kafe Neo,80 Maiden Lane,,New York,NY,10038,42-31,Casual Eating & Takeout,F-Cafe & Eatery,40.7071228,-74.00777149999999
Gristedes Supermarket,90 Maiden Lane,,New York,NY,10038,42-36,Shopping,F-Supermarket,40.7068768,-74.0075787
"S.M.S. Industries, Inc.",80 Maiden Lane,,New York,NY,10038,42-36,Personal and Professional Services,P-Messengers,40.7071228,-74.00777149999999
Duane Reade,45 Pine Street,,New York,NY,10005,43-1,Shopping,S-Drugstores,40.7069505,-74.00905999999999
NCIC Computer Consulting,44 Wall Street,,New York,NY,10005,43-1,Personal and Professional Services,P-Computer Services,40.7068089,-74.0094276
Kenjo Jewelers,40 Wall Street,,New York,NY,10005,43-2,Shopping,S-Jeweler,40.7061418,-74.00983819999999
New York Sports Club,30 Wall Street,,New York,NY,10005,43-5,Personal and Professional Services,P-Athletic Clubs/Fitness,40.7070885,-74.01008390000001
Chase Bank,1 Chase Manhattan Plaza,Lower Level,New York,NY,10005,44-1,Personal and Professional Services,P-Banks and Check Cashing,40.7077585,-74.00885029999999
Wall Street Shoe,1 Chase Manhattan Plaza,,New York,NY,,44-1,Personal and Professional Services,P-Shoe Repair/Shine,40.7077585,-74.00885029999999
TD Bank,2 Wall Street,,New York,NY,10005,46-1,Personal and Professional Services,P-Banks and Check Cashing,40.7077478,-74.0113243
Border's Books and Music,100 Broadway,,New York,NY,10005,46-3,Shopping,S-Bookstores,40.7079446,-74.01110299999999
14 Wall Street Jewelers,14 Wall Street,2nd Floor,New York,NY,10005,46-9,Shopping,S-Jeweler,40.7076346,-74.0107747
Shiv Supplies,14 Wall Street,Lobby,New York,NY,,46-9,Personal and Professional Services,P-Newsstands,40.7076346,-74.0107747
Equinox Fitness Club,14 Wall Street,,New York,NY,10005,46-9,Personal and Professional Services,P-Athletic Clubs/Fitness,40.7076346,-74.0107747
True Religion Brand Jeans,14 Wall Street,,New York,NY,10005,46-9,Shopping,S-Apparel: Men's & Women's,40.7076346,-74.0107747
Equitable Hairstylist,120 Broadway,Lower Level,New York,NY,10271,47-1,Personal and Professional Services,P-Hair Salon & Barber Shop,40.7084692,-74.01059479999999
Valley National Bank,120 Broadway,,New York,NY,10271,47-1,Personal and Professional Services,P-Banks and Check Cashing,40.7084692,-74.01059479999999
Ashby's,120 Broadway,,New York,NY,10271,47-1,Casual Eating & Takeout,F-Deli,40.7084692,-74.01059479999999
HSBC,120 Broadway,,New York,NY,10271,47-1,Personal and Professional Services,P-Banks and Check Cashing,40.7084692,-74.01059479999999
Little Lads Basket Cafe,120 Broadway,Lower Level,New York,NY,,47-1,Casual Eating & Takeout,F-Vegetarian,40.7084692,-74.01059479999999
Harry & Son Shoe Shine,120 Broadway,Lower Arcade,New York,NY,10271,47-1,Personal and Professional Services,P-Shoe Repair/Shine,40.7084692,-74.01059479999999
Manon Cafe,120 Broadway,,New York,NY,10271,47-1,Casual Eating & Takeout,F-Coffeehouse,40.7084692,-74.01059479999999
Travel Network,120 Broadway,,New York,NY,10271,47-1,Personal and Professional Services,P-Travel Agency,40.7084692,-74.01059479999999
Eastern Newsstand,120 Broadway,Lobby,New York,NY,10271,47-1,Personal and Professional Services,P-Newsstands,40.7084692,-74.01059479999999
Charles Patrick Jewelers,120 Broadway,Lobby,New York,NY,10271,47-1,Shopping,S-Jeweler,40.7084692,-74.01059479999999
The Capital Grille,120 Broadway,,New York,NY,10271,47-1,Full Service Dining,F-Steak,40.7084692,-74.01059479999999
Citibank,120 Broadway,,New York,NY,10271,47-7501,Personal and Professional Services,P-Banks and Check Cashing,40.7084692,-74.01059479999999
Gateway Newstand,140 Broadway,Lobby,New York,NY,10005,48-1,Personal and Professional Services,P-Newsstands,40.7086,-74.01001149999999
American Express Travel Service,111 Broadway,,New York,NY,10006,49-2,Personal and Professional Services,P-Travel Agency,40.7085896,-74.01136149999999
Suspenders Restaurant,111 Broadway,,New York,NY,10006,49-2,Full Service Dining,F-Restaurant & Bar,40.7085896,-74.01136149999999
John Allan's Men's Club,95 Trinity Place,,New York,NY,10006,49-2,Personal and Professional Services,P-Spa,40.7088342,-74.0119611
Subway,111 Broadway,,New York,NY,10006,49-2,Casual Eating & Takeout,F-Fast Food,40.7085896,-74.01136149999999
Panini & Company,115 Broadway,,New York,NY,10006,50-1,Casual Eating & Takeout,F-Cafe & Eatery,40.708882,-74.01143259999999
Men's Wearhouse,115 Broadway,,New York,NY,10006,50-1,Shopping,S-Apparel: Men's,40.708882,-74.01143259999999
Big Apple Copy,115 Broadway,Lower Level,New York,NY,10006,50-1,Personal and Professional Services,P-Copy and Printing Services,40.708882,-74.01143259999999
Starbucks Coffee,115 Broadway,,New York,NY,10006,50-1,Casual Eating & Takeout,F-Coffeehouse,40.708882,-74.01143259999999
Stanley's Cobbler Shop,11 Thames Street,,New York,NY,10006,50-1,Personal and Professional Services,P-Shoe Repair/Shine,40.7091015,-74.0119407
Big Al's Pizza,9 Thames Street,,New York,NY,10006,50-1,Casual Eating & Takeout,F-Pizza,40.7090219,-74.0117645
Trinity Place,115 Broadway,,New York,NY,10006,50-1,Full Service Dining,F-American,40.708882,-74.01143259999999
Ketki Lobby Shop,2 Rector Street,Lobby,New York,NY,10006,51-1,Personal and Professional Services,P-Newsstands,40.7080974,-74.01313429999999
Greenwich Jewelers,64 Trinity Place,,New York,NY,10006,51-1,Shopping,S-Jeweler,40.708015,-74.0130162
One Way Gift Shop,66 Trinity Place,,New York,NY,10006,51-1,Shopping,"S-Gifts, Cards & Stationery",40.70905279999999,-74.01209960000001
Masterpiece Pizza,2 Rector Street,,New York,NY,10006,51-1,Casual Eating & Takeout,F-Pizza,40.7080974,-74.01313429999999
Variety Market,2 Rector Street,,New York,NY,10006,51-1,Casual Eating & Takeout,F-Deli,40.7080974,-74.01313429999999
City Blossoms,62 Trinity Place,,New York,NY,10006,51-1,Shopping,S-Florist,40.7081126,-74.0129994
Steven Brown Caterers,74 Trinity Place,2nd Floor,New York,NY,10006,51-17,Casual Eating & Takeout,F-Catering,40.7084415,-74.0129149
Manon Cafe,74 Trinity Place,,New York,NY,10006,51-17,Casual Eating & Takeout,F-Coffeehouse,40.7084415,-74.0129149
World Trade Art Gallery,74 Trinity Place,,New York,NY,10006,51-17,Shopping,"S-Framing, Posters & Art Supplies",40.7084415,-74.0129149
Stapleton Shoe Company,68 Trinity Place,,New York,NY,10006,51-7,Shopping,S-Shoes: Men's,40.708256,-74.01287479999999
O'Hara's Restaurant,120 Cedar Street,,New York,NY,10006,52-10,Full Service Dining,F-Restaurant & Bar,40.7094992,-74.0126432
Ruchi,120 Cedar Street,,New York,NY,10006,52-10,Full Service Dining,F-Indian,40.7094992,-74.0126432
Steve's Pizza,110 Trinity Place,,New York,NY,10006,52-15,Casual Eating & Takeout,F-Pizza,40.7095464,-74.01200539999999
J Spa Nails,110 Trinity Place,2nd Floor,New York,NY,10006,52-15,Personal and Professional Services,P-Nail Salon,40.7095464,-74.01200539999999
Charly's,110 Trinity Place,,New York,NY,10006,52-15,Casual Eating & Takeout,F-American,40.7095464,-74.01200539999999
NY Souvenir,114 Liberty Street,,New York,NY,10006,52-25,Shopping,"S-Gifts, Cards & Stationery",40.7097007,-74.01226129999999
Pronto Pizza,114 Liberty Street,,New York,NY,10006,52-25,Casual Eating & Takeout,F-Pizza,40.7097007,-74.01226129999999
Ho Yip Chinese Restaurant,110 Liberty Street,,New York,NY,10006,52-29,Casual Eating & Takeout,F-Chinese,40.7097179,-74.0120656
DJ Hair Salon,110 Liberty Street,Lower Level,New York,NY,10006,52-29,Personal and Professional Services,P-Hair Salon & Barber Shop,40.7097179,-74.0120656
Burger King,106 Liberty Street,,New York,NY,10006,52-30,Casual Eating & Takeout,F-Fast Food,40.7096373,-74.0119117
Essex World Cafe,112 Liberty Street,,New York,NY,10006,52-7501,Casual Eating & Takeout,F-Cafe & Eatery,40.7095516,-74.0121261
Se Ja Meh,114 Greenwich Street,,New York,NY,10006,53-28,Full Service Dining,F-Korean,40.7091372,-74.0135067
Moran's,103 Washington Street,,New York,NY,10006,53-3,Full Service Dining,F-American,40.7083773,-74.01404660000001
Trinity Boxing Club NYC,110 Greenwich Street,,New York,NY,10006,53-33,Personal and Professional Services,P-Athletic Clubs/Fitness,40.7087344,-74.0135875
Caracello Ristorante,108 Greenwich Street,,New York,NY,10006,53-35,Full Service Dining,F-Italian,40.7086026,-74.013599
Rector Dry Cleaners,106 Greenwich Street,,New York,NY,10006,53-36,Personal and Professional Services,P-Dry Cleaning,40.7085336,-74.0136127
Subway,106 Greenwich Street,,New York,NY,10006,53-36,Casual Eating & Takeout,F-Fast Food,40.7085336,-74.0136127
Thunder Lingerie,100 Greenwich Street,,New York,NY,10006,53-38,Shopping,S-Adult Novelties,40.7082927,-74.0136946
Joe's Gourmet,98 Greenwich Street,,New York,NY,10006,53-38,Casual Eating & Takeout,F-Deli,40.7082127,-74.01376859999999
Pussycat Lounge,96 Greenwich Street,,New York,NY,10006,53-39,Nightlife,N-Adult Entertainment,40.70822099999999,-74.01378300000002
Cordato's,94 1/2 Greenwich Street,,New York,NY,10006,53-40,Casual Eating & Takeout,F-Deli,40.7081249,-74.01366349999999
Cafe Bravo,94 Greenwich Street,,New York,NY,10006,53-41,Casual Eating & Takeout,F-Deli,40.708121,-74.013824
Budtharasa Thai Food,109 Washington Street,,New York,NY,10006,53-6,Casual Eating & Takeout,F-Thai,40.7085747,-74.0139894
85 West Sports Bar & Grill,New York Marriot Financial Center Hotel,85 West Street,New York,NY,10006,55-16,Full Service Dining,F-Restaurant & Bar,40.7095628,-74.0099212
Gift Shop,85 West Street,New York Marriott World Financial Center,New York,NY,10006,55-16,Shopping,"S-Gifts, Cards & Stationery",40.7095123,-74.0144893
Brooks Brothers,1 Church Street,,New York,NY,10006,62-1,Shopping,S-Apparel: Men's & Women's,40.709709,-74.011208
Century 21 Department Stores,10 Cortlandt Street,,New York,NY,10007,63-1,Shopping,S-Shoes: Men's,40.710227,-74.01035999999999
Joseph Tailor Shop,7 Dey Street,Suite 401,New York,NY,10007,63-12,Personal and Professional Services,P-Tailoring,40.7105849,-74.0100978
Arome,5 Dey Street,,New York,NY,10007,63-12,Casual Eating & Takeout,F-Deli,40.7104989,-74.0101719
Payless Shoesource,187 Broadway,,New York,NY,10007,63-15,Shopping,S-Shoes: Men's & Women's,40.7103551,-74.0099008
Pylones,183 Broadway,,New York,NY,10007,63-16,Shopping,"S-Gifts, Cards & Stationery",40.7102674,-74.0098775
Tropp Printing Corp.,181 Broadway,4th Floor,New York,NY,10007,63-17,Personal and Professional Services,P-Copy and Printing Services,40.7102161,-74.00994519999999
V.I.P. Men's Suits,181 Broadway,2nd Floor,New York,NY,10007,63-17,Shopping,S-Apparel: Men's,40.7102161,-74.00994519999999
Hallmark Gold Crown,181 Broadway,,New York,NY,10007,63-17,Shopping,"S-Gifts, Cards & Stationery",40.7102161,-74.00994519999999
Century 21 Department Stores - Ladies Shoes,175 Broadway,,New York,NY,10007,63-20,Shopping,S-Shoes: Women's,40.71009600000001,-74.0100733
TSC Training Academy,2 Cortlandt Street,2nd Floor,New York,NY,10007,63-21,Personal and Professional Services,P-Other,40.7100191,-74.0101932
Bento Nouveau Sushi,173 Broadway,,New York,NY,10007,63-21,Casual Eating & Takeout,F-Japanese,40.7100042,-74.0101588
Michal Golan,4 Cortlandt Street,,New York,NY,10007,63-21,Shopping,S-Jeweler,40.7099302,-74.0102352
Cortlandt News,6 Cortlandt Street,,New York,NY,10007,63-21,Personal and Professional Services,P-Newsstands,40.7100026,-74.01021730000001
Olga's Salon Spa,2 Cortlandt Street,,New York,NY,10006,63-21,Personal and Professional Services,P-Spa,40.7100191,-74.0101932
Dunkin Donuts,2 Cortlandt Street,,New York,NY,10007,63-21,Casual Eating & Takeout,F-Fast Food,40.7100191,-74.0101932
Majestic Pizza,8 Cortlandt Street,,New York,NY,10007,63-21,Casual Eating & Takeout,F-Pizza,40.7100713,-74.0103149
21 Jewelry,2A Cortlandt Street,,New York,NY,10007,63-21,Shopping,S-Jeweler,40.7100191,-74.0101932
Century 21 Department Stores,22 Cortlandt Street,,New York,NY,10007,63-3,Shopping,S-Apparel: Men's & Women's,40.7101994,-74.0107694
Federal Cafe,20 Maiden Lane,,New York,NY,10038,64-1,Full Service Dining,F-Italian,40.7091618,-74.00917090000002
Sephora,150 Broadway,,New York,NY,10038,64-12,Shopping,S-Beauty & Fragrances,40.7091841,-74.0100953
Bank of America,150 Broadway,,New York,NY,10038,64-12,Personal and Professional Services,P-Banks and Check Cashing,40.7091841,-74.0100953
Modell's,150 Broadway,,New York,NY,10038,64-12,Shopping,S-Sporting Goods & Athletic Wear,40.7091841,-74.0100953
Showroom Hair Salon,160 Broadway,Lobby,New York,NY,,64-15,Personal and Professional Services,P-Hair Salon & Barber Shop,40.7093724,-74.0099748
"Adcomp Systems, Inc.",160 Broadway,,New York,NY,10038,64-15,Shopping,S-Computers & Electronics,40.7093724,-74.0099748
McDonald's,160 Broadway,,New York,NY,10038,64-15,Casual Eating & Takeout,F-Fast Food,40.7093724,-74.0099748
Broadway Kosher Cafe,160 Broadway,,New York,NY,10038,64-15,Casual Eating & Takeout,F-Kosher,40.7093724,-74.0099748
Maiden Lane Wine & Liquor,6 Maiden Lane,,New York,NY,10038,64-15,Shopping,S-Liquor Store,40.7095101,-74.00969370000001
DeNatale Jewelers,170 Broadway,Suite 205,New York,NY,,64-16,Shopping,S-Jeweler,40.7095628,-74.0099212
T-Mobile,170 Broadway,,New York,NY,10038,64-16,Shopping,S-Cellular Phones,40.7095628,-74.0099212
Cafe Exchange,2 Maiden Lane,,New York,NY,10038,64-16,Casual Eating & Takeout,F-Deli,40.7095859,-74.0098153
Sprint,170 Broadway,,New York,NY,10038,64-16,Shopping,S-Cellular Phones,40.7095628,-74.0099212
22 Thai Cuisine,22 Maiden Lane,,New York,NY,10038,64-2,Casual Eating & Takeout,F-Thai,40.7091424,-74.0091285
Alfanoose Restaurant,8 Maiden Lane,,New York,NY,10038,64-20,Casual Eating & Takeout,F-Middle Eastern,40.7094288,-74.0096433
Sushi a La kawa,18 Maiden Lane,,New York,NY,10038,64-24,Casual Eating & Takeout,F-Japanese,40.709263,-74.0092397
Win Won Chinese,10 Liberty Place,,New York,NY,10038,64-25,Casual Eating & Takeout,F-Chinese,40.7092056,-74.00936229999999
Jou Jou Cafe,55 Nassau Street,,New York,NY,10038,64-4,Casual Eating & Takeout,F-Cafe & Eatery,40.70907810000001,-74.00907049999999
Elysium Hair Salon,24 Maiden Lane,,New York,NY,10038,64-4,Personal and Professional Services,P-Hair Salon & Barber Shop,40.7090774,-74.00906880000001
Ann's Nails,24 Maiden Lane,2nd Floor,New York,NY,10038,64-4,Personal and Professional Services,P-Nail Salon,40.7090774,-74.00906880000001
55 Nassau Shoe Repair,55 Nassau Street,,New York,NY,10038,64-4,Personal and Professional Services,P-Shoe Repair/Shine,40.70907810000001,-74.00907049999999
Diwan E. Khaas,53 Nassau Street,,New York,NY,10038,64-6,Casual Eating & Takeout,F-Indian,40.7090344,-74.0091358
The Greene Grape,55 Liberty Street,,New York,NY,10005,64-8,Shopping,S-Liquor Store,40.7088048,-74.009407
Pound & Pence,55 Liberty Street,,New York,NY,10005,64-8,Full Service Dining,F-Restaurant & Bar,40.7088048,-74.009407
101 Newsstand,47 Nassau Street,,New York,NY,10038,64-8,Personal and Professional Services,P-Newsstands,40.708903,-74.00930439999999
Starbucks Coffee,55 Liberty Street,,New York,NY,10005,64-8,Casual Eating & Takeout,F-Coffeehouse,40.7088048,-74.009407
Maiden Heaven Gourmet,9-11 Maiden Lane,,New York,NY,10038,65-10,Casual Eating & Takeout,F-Deli,40.7096555,-74.0092062
Baoguette,9 Maiden Lane,,New York,NY,10038,65-10,Casual Eating & Takeout,F-Vietnamese,40.7095903,-74.009362
Daniella Helene,28 John Street,,New York,NY,10038,65-1001,Personal and Professional Services,P-Hair Salon & Barber Shop,40.7094867,-74.0086437
Health King,65 Nassau Street,,New York,NY,10038,65-1001,Casual Eating & Takeout,F-Health,40.7094986,-74.0086743
JD Candy News,65 Nassau Street,,New York,NY,10038,65-1001,Personal and Professional Services,P-Newsstands,40.7094986,-74.0086743
The Tie Gallery,30 John Street,,New York,NY,10038,65-1001,Shopping,S-Apparel: Men's,40.7095579,-74.00862889999999
Golden Nugget Jewelers,67 Nassau Street,,New York,NY,10038,65-1001,Shopping,S-Jeweler,40.709443,-74.008642
The Vitamin Shoppe,174 Broadway,,New York,NY,10038,65-16,Shopping,S-Nutrition & Health,40.7098302,-74.0097546
Downtown Eyebrow Threading,5 Maiden Lane,,New York,NY,,65-17,Personal and Professional Services,P-Eyebrows,40.7097337,-74.0095729
Capital One Bank,176 Broadway,,New York,NY,10038,65-17,Personal and Professional Services,P-Banks and Check Cashing,40.7098002,-74.0094839
Chameleon Comics,3 Maiden Lane,,New York,NY,10038,65-17,Shopping,S-Bookstores,40.709754,-74.00958969999999
Tower Art Gallery,7 Maiden Lane,,New York,NY,10038,65-17,Shopping,"S-Framing, Posters & Art Supplies",40.7096823,-74.0094225
William Barthman Jewelers,176 Broadway,,New York,NY,10038,65-17,Shopping,S-Jeweler,40.7098002,-74.0094839
"Digi Prints, Inc.",176 Broadway,,New York,NY,10038,65-17,Personal and Professional Services,P-Film Developing,40.7098002,-74.0094839
Cafe Toda,180 Broadway,,New York,NY,10038,65-18,Casual Eating & Takeout,F-Deli,40.7099865,-74.00943529999999
S&M Universal Jewelery,2 John Street,,New York,NY,10038,65-19,Shopping,S-Jeweler,40.71015,-74.0093828
Tokyo Lunch,10 John Street,,New York,NY,10038,65-19,Casual Eating & Takeout,F-Japanese,40.709958,-74.0092009
Discount Fragrances,2 John Street,,New York,NY,10038,65-19,Shopping,S-Beauty & Fragrances,40.71015,-74.0093828
Burger King,182 Broadway,Lower Level,New York,NY,10038,65-19,Casual Eating & Takeout,F-Fast Food,40.7100881,-74.0093881
Easy Spirit,182 Broadway,,New York,NY,10007,65-19,Shopping,S-Shoes: Women's,40.7100881,-74.0093881
Harry's Convenience Store,2 John Street,,New York,NY,,65-19,Personal and Professional Services,P-Newsstands,40.71015,-74.0093828
5 Star Gift Shop,65 Nassau Street,,New York,NY,10038,65-2,Shopping,S-Beauty & Fragrances,40.7094986,-74.0086743
Nu Way Shoe Repair,12 John Street,,New York,NY,10038,65-20,Personal and Professional Services,P-Shoe Repair/Shine,40.7098261,-74.0091249
Cellular Plus,12 John Street,,New York,NY,10038,65-20,Shopping,S-Cellular Phones,40.7098261,-74.0091249
Maggies Cajun,12 John Street,,New York,NY,10038,65-20,Casual Eating & Takeout,F-Cajun,40.7098261,-74.0091249
It's A Pizza,20 John Street,,New York,NY,10038,65-22,Casual Eating & Takeout,F-Pizza,40.7096425,-74.0088952
Roxy Coffee Shop,20 John Street,,New York,NY,10038,65-22,Full Service Dining,F-Diner,40.7096425,-74.0088952
Mini Centro,59 Nassau Street,,New York,NY,10038,65-4,Shopping,S-Shoes: Women's,40.7092384,-74.0088627
Jacob's Shoe Repair,25 Maiden Lane,,New York,NY,10038,65-4,Personal and Professional Services,P-Shoe Repair/Shine,40.7092677,-74.00889699999999
Candy Nail Salon,25 Maiden Lane,2nd Floor,New York,NY,10038,65-4,Personal and Professional Services,P-Nail Salon,40.7092677,-74.00889699999999
Friendly Gourmet Pizza,59 Nassau Street,,New York,NY,10038,65-4,Casual Eating & Takeout,F-Pizza,40.7092384,-74.0088627
Sunrise Cleaners,59 Nassau Street,,New York,NY,10038,65-4,Personal and Professional Services,P-Dry Cleaning,40.7092384,-74.0088627
Hana,59 Nassau Street,,New York,NY,10038,65-4,Full Service Dining,F-Chinese,40.7092384,-74.0088627
Natalie,59 Nassau Street,,New York,NY,10038,65-4,Shopping,S-Apparel: Women's,40.7092384,-74.0088627
Papa John's Pizza,21 Maiden Lane,,New York,NY,10038,65-6,Casual Eating & Takeout,F-Pizza,40.7093494,-74.0090053
Subway,21 Maiden Lane,,New York,NY,10038,65-6,Casual Eating & Takeout,F-Fast Food,40.7093494,-74.0090053
Atlantic Bank of New York,15 Maiden Lane,,New York,NY,10038,65-7,Personal and Professional Services,P-Banks and Check Cashing,40.7095144,-74.00908919999999
G.D. Jewelry,15 Maiden Lane,,New York,NY,10038,65-7,Shopping,S-Jeweler,40.7095144,-74.00908919999999
Aerosoles,18 John Street,,New York,NY,10038,65-7,Shopping,S-Shoes: Women's,40.7097833,-74.00906760000001
Optima Beauty Supply,22 John Street,,New York,NY,10038,65-7,Shopping,S-Beauty & Fragrances,40.7096016,-74.00882899999999
Zeytuna,59 Maiden Lane,,New York,NY,10006,67-1,Shopping,F-Supermarket,40.7087537,-74.0079674
Godiva Chocolatier,33 Maiden Lane,,New York,NY,10038,67-23,Shopping,S-Candy & Chocolate,40.7091363,-74.0084933
Cohen's Fashion Optical,33 Maiden Lane,,New York,NY,10038,67-23,Shopping,S-Glasses & Sunglasses,40.7091363,-74.0084933
American Greetings Store,33 Maiden Lane,,New York,NY,10038,67-23,Shopping,"S-Gifts, Cards & Stationery",40.7091363,-74.0084933
KK Hair Salon,75 Maiden Lane,,New York,NY,10038,68-11,Personal and Professional Services,P-Hair Salon & Barber Shop,40.7077599,-74.0073929
CF Rutherford & Associates,75 Maiden Lane,Suite 1206,New York,NY,,68-11,Shopping,S-Office Supplies & Equipment,40.7077599,-74.0073929
KK Salon,75 Maiden Lane,,New York,NY,10004,68-11,Personal and Professional Services,P-Hair Salon & Barber Shop,40.7077599,-74.0073929
Lane Cafe,75 Maiden Lane,,New York,NY,10038,68-11,Casual Eating & Takeout,F-Cafe & Eatery,40.7077599,-74.0073929
Hana Nails,75 Maiden Lane,,New York,NY,10038,68-11,Personal and Professional Services,P-Nail Salon,40.7077599,-74.0073929
Dick's Cut Rate Hardware Inc.,9 Gold Street,,New York,NY,10038,68-11,Personal and Professional Services,P-Hardware & Locksmiths,40.7077005,-74.0071603
Jim Brady's,75 Maiden Lane,,New York,NY,10038,68-11,Full Service Dining,F-Restaurant & Bar,40.7077599,-74.0073929
Taz Cafe,84 William Street,,New York,NY,10038,68-16,Casual Eating & Takeout,F-Deli,40.7079777,-74.0076891
Lemongrass Grill,84 William Street,,New York,NY,10038,68-16,Full Service Dining,F-Thai,40.7079777,-74.0076891
The Libertine,15 Gold Street,,New York,NY,10038,68-28,Full Service Dining,F-Continental,40.7078871,-74.0071031
Complete Body Development,80 John Street,,New York,NY,10038,68-33,Personal and Professional Services,P-Athletic Clubs/Fitness,40.7081429,-74.0068412
Tower Cleaners,80 John Street,Upper Level,New York,NY,10038,68-33,Personal and Professional Services,P-Dry Cleaning,40.7081429,-74.0068412
John Street Florist,100 William Street,,New York,NY,10038,68-36,Shopping,S-Florist,40.70833950000001,-74.0071629
Citibank,100 William Street,,New York,NY,10038,68-36,Personal and Professional Services,P-Banks and Check Cashing,40.70833950000001,-74.0071629
Starbucks Coffee,100 William Street,,New York,NY,10038,68-36,Casual Eating & Takeout,F-Coffeehouse,40.70833950000001,-74.0071629
Sleepy's,83 Maiden Lane,,New York,NY,10038,68-7,Shopping,S-Home Furnishings & Decor,40.7075142,-74.00733199999999
La Petite Cave,83 Maiden Lane,,New York,NY,10038,68-7,Shopping,S-Liquor Store,40.7075142,-74.00733199999999
Giardino D'oro,5 Gold Street,,New York,NY,10038,68-7,Full Service Dining,F-Italian,40.7075608,-74.00722669999999
Swich,83 Maiden Lane,,New York,NY,10038,68-7,Casual Eating & Takeout,F-American,40.7075142,-74.00733199999999
"Lee Custom Tailor, Inc.",75 Maiden Lane,Suite 217,New York,NY,10038,69-10,Personal and Professional Services,P-Tailoring,40.7077599,-74.0073929
Sovereign Bank,2 Gold Street,,New York,NY,10038,69-18,Personal and Professional Services,P-Banks and Check Cashing,40.7073585,-74.006962
Harry's Italian,2 Gold Street,,New York,NY,10038,69-18,Full Service Dining,F-Italian,40.7073585,-74.006962
Downtown Dry Cleaner,116 John Street,,New York,NY,,69-32,Personal and Professional Services,P-Dry Cleaning,40.7074594,-74.0058924
Fulton Street Art Gallery Inc.,116 John Street,2nd Floor,New York,NY,10038,69-32,Shopping,"S-Framing, Posters & Art Supplies",40.7074594,-74.0058924
Andrews Coffee Shop,116 John Street,,New York,NY,10038,69-32,Full Service Dining,F-Diner,40.7074594,-74.0058924
MNS News,116 John Street,,New York,NY,10038,69-32,Personal and Professional Services,P-Newsstands,40.7074594,-74.0058924
Bon Chon Chicken,104 John Street,,New York,NY,10038,69-51,Casual Eating & Takeout,F-Korean,40.7076939,-74.00623499999999
Lenny's Deli,108 John Street,,New York,NY,10038,69-51,Casual Eating & Takeout,F-Deli,40.7076828,-74.00618349999999
Cafe Sage,108 John Street,,New York,NY,10038,69-51,Casual Eating & Takeout,F-Thai,40.7076828,-74.00618349999999
Open Door Gastropub,110 John Street,,New York,NY,10038,69-53,Full Service Dining,F-Restaurant & Bar,40.7076828,-74.0061836
Angel Body Work,112 John Street,2nd Floor,New York,NY,10038,69-54,Personal and Professional Services,P-Spa,40.7076788,-74.00594269999999
Subway,112 John Street,,New York,NY,10038,69-54,Casual Eating & Takeout,F-Fast Food,40.7076788,-74.00594269999999
Goodburger,101 Maiden Lane,,New York,NY,10039,69-6,Casual Eating & Takeout,F-American,40.7070495,-74.00670670000001
Pret A Manger,101 Maiden Lane,,New York,NY,10038,69-6,Casual Eating & Takeout,F-Cafe & Eatery,40.7070495,-74.00670670000001
Crunch,90 John Street,Mezzanine Level,New York,NY,10038,69-7502,Personal and Professional Services,P-Athletic Clubs/Fitness,40.7079105,-74.00648319999999
Nail 125,125 Maiden Lane,,New York,NY,10038,70-1,Personal and Professional Services,P-Nail Salon,40.7066092,-74.0062499
Dress Barn,125 Maiden Lane,,New York,NY,10038,70-1,Shopping,S-Apparel: Women's,40.7066092,-74.0062499
The Best of New York Food,150 Water Street,,New York,NY,10038,70-1,Casual Eating & Takeout,F-Deli,40.7064287,-74.0060591
T-Mobile,125 Maiden Lane,,New York,NY,10038,70-1,Shopping,S-Cellular Phones,40.7066092,-74.0062499
Marty's Photo & Electronics,125 Maiden Lane,,New York,NY,10038,70-1,Shopping,S-Camera & Film Supplies,40.7066092,-74.0062499
Pearl Street Diner,212 Pearl Street,,New York,NY,10038,70-20,Full Service Dining,F-Diner,40.7069302,-74.00617869999999
New York Sports Club,160 Water Street,,New York,NY,10038,70-43,Personal and Professional Services,P-Athletic Clubs/Fitness,40.706783,-74.005889
Exquisite Creations,38 Water Street,,New York,NY,10004,7-1001,Shopping,S-Jeweler,40.7034156,-74.0106735
Burritoville,36 Water Street,,New York,NY,10004,7-1001,Casual Eating & Takeout,F-Mexican,40.7034441,-74.0107641
Zigolini's,66 Pearl Street,,New York,NY,10004,7-1001,Full Service Dining,F-American,40.7034852,-74.01083129999999
Chase Bank,155 Water Street,,New York,NY,10038,71-1,Personal and Professional Services,P-Banks and Check Cashing,40.7061549,-74.0056673
Flavors Cafe,175 Water Street,,New York,NY,10038,71-25,Casual Eating & Takeout,F-Cafe & Eatery,40.7063636,-74.0051604
Bank of America ATM,175 Water Street,,New York,NY,10038,71-25,Personal and Professional Services,P-Banks and Check Cashing,40.7063636,-74.0051604
Carmine & Arthur's Clothier,175 Water Street,,New York,NY,10038,71-7501,Shopping,S-Apparel: Men's,40.7063636,-74.0051604
Europa,1 Seaport Plaza,,New York,NY,10038,74-1001,Casual Eating & Takeout,F-Cafe & Eatery,40.706937,-74.0044856
Galaxy Lobby Inc.,199 Water Street,,New York,NY,,74-7501,Personal and Professional Services,P-Newsstands,40.706937,-74.0044856
Abercrombie & Fitch,199 Water Street,,New York,NY,10038,74-7501,Shopping,S-Apparel: Men's & Women's,40.706937,-74.0044856
WirelessRUS,200 Water Street,,New York,NY,10038,75-1,Shopping,S-Cellular Phones,40.707232,-74.0047606
NYC Check Express,200 Water Street,,New York,NY,10038,75-1,Personal and Professional Services,P-Banks and Check Cashing,40.707232,-74.0047606
Duane Reade,200 Water Street,,New York,NY,10038,75-1,Shopping,S-Drugstores,40.707232,-74.0047606
Plaza Deli,127 John Street,,New York,NY,,75-1,Casual Eating & Takeout,F-Deli,40.707361,-74.004762
"Blue & Red NY, Inc.",50 Fulton Street,,New York,NY,10038,75-1001,Shopping,"S-Gifts, Cards & Stationery",40.7080914,-74.0047446
Seaport Jewelry,50 Fulton Street,,New York,NY,10038,75-1001,Shopping,S-Jeweler,40.7080914,-74.0047446
Calderon News Store,50 Fulton Street,Front 2,New York,NY,10038,75-1001,Personal and Professional Services,P-Newsstands,40.7080914,-74.0047446
Calderon Locksmith,50 Fulton Street,,New York,NY,10038,75-1001,Personal and Professional Services,P-Hardware & Locksmiths,40.7080914,-74.0047446
Beta Coffee,50 Fulton Street,,New York,NY,10038,75-1001,Casual Eating & Takeout,F-Coffeehouse,40.7080914,-74.0047446
Rainbow,40 Fulton Street,,New York,NY,10038,75-21,Shopping,S-Apparel: Women's,40.7078755,-74.0047446
Avi Golan Hair Salon,111 John Street,,New York,NY,10038,75-30,Personal and Professional Services,P-Hair Salon & Barber Shop,40.7077647,-74.0055821
Salon 25,111 John Street,,New York,NY,10038,75-30,Personal and Professional Services,P-Hair Salon & Barber Shop,40.7077647,-74.0055821
Hard Copy Business Center,111 John Street,,New York,NY,10038,75-30,Personal and Professional Services,P-Copy and Printing Services,40.7077647,-74.0055821
Backyard Chicken,241 Pearl Street,,New York,NY,10038,75-30,Casual Eating & Takeout,F-American,40.707528,-74.00537609999999
Cafe Gusto,111 John Street,,New York,NY,10038,75-30,Casual Eating & Takeout,F-Cafe & Eatery,40.7077647,-74.0055821
Wall Street Caterers,241 Pearl Street,,New York,NY,10038,75-30,Casual Eating & Takeout,F-Catering,40.707528,-74.00537609999999
The Iron Horse,32 Cliff Street,,New York,NY,10038,75-46,Nightlife,N-Bar,40.7081182,-74.00493139999999
McDonald's,52 Fulton Street,,New York,NY,10038,75-48,Casual Eating & Takeout,F-Fast Food,40.7082556,-74.0049104
The Hook & Ladder Bar,133 John Street,2nd Floor,New York,NY,10038,75-9,Nightlife,N-Bar,40.7071791,-74.0050148
Fulton Chef,64 Fulton Street,2nd Floor,New York,NY,10038,76-1,Casual Eating & Takeout,F-Chinese,40.708721,-74.00536090000001
Dunkin Donuts,64 Fulton Street,,New York,NY,10038,76-1,Casual Eating & Takeout,F-Fast Food,40.708721,-74.00536090000001
Ruben's Empanadas,64 Fulton Street,,New York,NY,10038,76-1,Casual Eating & Takeout,F-Argentinian,40.708721,-74.00536090000001
L&L Hawaiian Barbeque,64 Fulton Street,,New York,NY,10038,76-1,Casual Eating & Takeout,F-American,40.708721,-74.00536090000001
Jubilee Market Place,99 John Street,,New York,NY,10038,76-11,Shopping,F-Supermarket,40.7083083,-74.0060006
Duane Reade,99 John Street,,New York,NY,10038,76-11,Shopping,S-Drugstores,40.7083083,-74.0060006
The Country Kebab,76 Fulton Street,,New York,NY,10038,76-28,Casual Eating & Takeout,F-Middle Eastern,40.70893299999999,-74.00553810000001
Barua Gift Shop,70 Fulton Street,,New York,NY,10038,76-28,Shopping,"S-Gifts, Cards & Stationery",40.7088771,-74.0055344
Fulton Supply Corp.,74 Fulton Street,,New York,NY,10038,76-28,Personal and Professional Services,P-Hardware & Locksmiths,40.7088892,-74.0054773
Lisa's Pizza,76 Fulton Street,,New York,NY,10038,76-28,Casual Eating & Takeout,F-Pizza,40.70893299999999,-74.00553810000001
Kosher Luncheonette,56 Fulton Street,,New York,NY,10038,76-6,Casual Eating & Takeout,F-Kosher,40.7084956,-74.0051563
Shoe Repair and Shine,29 Cliff Street,,New York,NY,10038,76-6,Personal and Professional Services,P-Shoe Repair/Shine,40.7083857,-74.00507759999999
Gift Shop,56 Fulton Street,,New York,NY,10038,76-6,Shopping,S-Accessories,40.7084956,-74.0051563
HK News,56 Fulton Street,,New York,NY,10038,76-6,Personal and Professional Services,P-Newsstands,40.7084956,-74.0051563
Eden Flowers,56 Fulton Street,,New York,NY,10038,76-6,Shopping,S-Florist,40.7084956,-74.0051563
New Field Yoga,27 Cliff Street,3rd Floor,New York,NY,10038,76-7,Personal and Professional Services,P-Athletic Clubs/Fitness,40.708504,-74.0053638
Cliff Street Cleaners,15 Cliff Street,,New York,NY,10038,76-9,Personal and Professional Services,P-Dry Cleaning,40.7084448,-74.0056664
Corbet & Conley Caterers,15 Cliff Street,,New York,NY,10038,76-9,Casual Eating & Takeout,F-Catering,40.7084448,-74.0056664
Martin Busch Jewelers,85 John Street,,New York,NY,10038,77-1,Shopping,S-Jeweler,40.7085072,-74.00644199999999
"4G Data Systems, Inc.",85 John Street,,New York,NY,10038,77-1,Shopping,S-Computers & Electronics,40.7085072,-74.00644199999999
Yip's Oriental Express,136 William Street,,New York,NY,10038,77-1001,Casual Eating & Takeout,F-Chinese,40.7091929,-74.00634769999999
Duane Reade,130 William Street,,New York,NY,10038,77-15,Shopping,S-Drugstores,40.7091155,-74.0064525
Texas Rotisserie & Grill,94 Fulton Street,,New York,NY,10038,77-21,Casual Eating & Takeout,F-American,40.7092038,-74.0061936
Liam's Pub,90 Fulton Street,,New York,NY,10038,77-23,Full Service Dining,F-Irish Pub,40.7091764,-74.0059971
My Optician,88 Fulton Street,,New York,NY,10038,77-24,Shopping,S-Glasses & Sunglasses,40.70910060000001,-74.0058365
Goodies Restauraunt,88 Fulton Street,Upper Floor,New York,NY,10038,77-24,Casual Eating & Takeout,F-Chinese,40.70910060000001,-74.0058365
Spa 88,88 Fulton Street,Lower Level,New York,NY,10038,77-24,Personal and Professional Services,P-Spa,40.70910060000001,-74.0058365
Taslima Newsstand,88 Fulton Street,,New York,NY,10038,77-24,Personal and Professional Services,P-Newsstands,40.70910060000001,-74.0058365
Fulton Hair Cutter,88 Fulton Street,Lower Level,New York,NY,10038,77-24,Personal and Professional Services,P-Hair Salon & Barber Shop,40.70910060000001,-74.0058365
Bennie's Thai Restaurant,88 Fulton Street,Lower Level,New York,NY,10038,77-24,Casual Eating & Takeout,F-Thai,40.70910060000001,-74.0058365
Rafael's Dry Cleaners,88 Fulton Street,,New York,NY,10038,77-24,Personal and Professional Services,P-Dry Cleaning,40.70910060000001,-74.0058365
Tandoor Palace,88 Fulton Street,Upper Floor,New York,NY,10038,77-24,Casual Eating & Takeout,F-Indian,40.70910060000001,-74.0058365
Seattle Cafe & Grill,110 William Street,,New York,NY,10038,77-8,Casual Eating & Takeout,F-Deli,40.70877369999999,-74.0067282
Kinko's,110 William Street,,New York,NY,10038,77-8,Personal and Professional Services,P-Copy and Printing Services,40.70877369999999,-74.0067282
HSBC,110 William Street,,New York,NY,10038,77-8,Personal and Professional Services,P-Banks and Check Cashing,40.70877369999999,-74.0067282
Gem Story,110 Fulton Street,,New York,NY,10038,78-19,Shopping,S-Accessories,40.70963950000001,-74.0070558
Fulton Wine and Liquor,110 Fulton Street,,New York,NY,10038,78-19,Shopping,S-Liquor Store,40.70963950000001,-74.0070558
Zoom Wireless,102 Fulton Street,,New York,NY,10038,78-21,Shopping,S-Cellular Phones,40.709556,-74.00683450000001
Zibetto Espresso Bar,102 Fulton Street,,New York,NY,10038,78-21,Casual Eating & Takeout,F-Coffeehouse,40.709556,-74.00683450000001
Patuca,41 John Street,,New York,NY,10038,78-31,Casual Eating & Takeout,F-Deli,40.7094671,-74.00792659999999
Bronte Men's Wear,41 John Street,,New York,NY,10038,78-31,Shopping,S-Apparel: Men's,40.7094671,-74.00792659999999
Samuel's Hats,74 Nassau Street,,New York,NY,10038,78-35,Shopping,S-Accessories,40.7095888,-74.0081859
Zaitzeff,72 Nassau Street,,New York,NY,10038,78-35,Casual Eating & Takeout,F-American,40.7095755,-74.00822699999999
Eyebrow Zone Salon,37 John Street,,New York,NY,10038,78-35,Personal and Professional Services,P-Eyebrows,40.7094908,-74.0081836
Ruben's Empanadas,76 Nassau Street,,New York,NY,10038,78-35,Casual Eating & Takeout,F-Argentinian,40.7095891,-74.0081295
37 Gifts,37 John Street,,New York,NY,10038,78-35,Shopping,S-Accessories,40.7094908,-74.0081836
T.O.C.,76 Nassau Street,,New York,NY,10038,78-35,Shopping,S-Apparel: Women's,40.7095891,-74.0081295
Manhattan Fortune Jewelry,39 John Street,,New York,NY,10038,78-35,Shopping,S-Jeweler,40.7094669,-74.0081372
Parklane Apparel,76 Nassau Street,,New York,NY,10038,78-35,Shopping,S-Apparel: Women's,40.7095891,-74.0081295
De Janeiro,78 Nassau Street,,New York,NY,10038,78-35,Shopping,S-Apparel: Women's,40.7097187,-74.00811089999999
Ralph's Discount City,72 Nassau Street,Lower Level,New York,NY,10038,78-35,Shopping,S-Variety & Discount Stores,40.7095755,-74.00822699999999
Dor L' Dor,80 Nassau Street,,New York,NY,10038,78-38,Shopping,S-Apparel: Women's,40.7098525,-74.0079555
Golden Krust Patties,80 Nassau Street,Ground Level,New York,NY,10038,78-38,Casual Eating & Takeout,F-Caribbean,40.7098525,-74.0079555
T-Mobile,80 Nassau Street,Ground Level,New York,NY,10038,78-38,Shopping,S-Cellular Phones,40.7098525,-74.0079555
"Know Style, Inc.",80 Nassau Street,Ground Level,New York,NY,10038,78-38,Shopping,S-Apparel: Women's,40.7098525,-74.0079555
Soma By Nature,123 William Street,,New York,NY,10038,78-4,Casual Eating & Takeout,F-Japanese,40.7093248,-74.0071476
Liberty Travel,86 Nassau Street,,New York,NY,10038,78-40,Personal and Professional Services,P-Travel Agency,40.7099465,-74.0078503
Nassau Electronics,88 Nassau Street,,New York,NY,10038,78-41,Shopping,S-Computers & Electronics,40.7100124,-74.0077645
Lilly's Boutique,86A Nassau Street,,New York,NY,10038,78-41,Shopping,S-Apparel: Women's,40.7100041,-74.0078623
Why Pay More?,124 Fulton Street,Lower Level,New York,NY,10038,78-43,Personal and Professional Services,P-Newsstands,40.7100567,-74.007649
Time Piece City,124 Fulton Street,,New York,NY,10038,78-43,Shopping,S-Jeweler,40.7100567,-74.007649
Premier Lock & Security,124 Fulton Street,Lower Level,New York,NY,10038,78-43,Personal and Professional Services,P-Hardware & Locksmiths,40.7100567,-74.007649
Best Color Photo,90 Nassau Street,,New York,NY,10038,78-43,Personal and Professional Services,P-Film Developing,40.710078,-74.007679
Terrace Fish & Chip,124 Fulton Street,,New York,NY,10038,78-43,Casual Eating & Takeout,F-Seafood,40.7100567,-74.007649
S & O Gift Shop,124 Fulton Street,,New York,NY,10038,78-43,Shopping,"S-Gifts, Cards & Stationery",40.7100567,-74.007649
Wow Style Fashions,122 Fulton Street,,New York,NY,10038,78-44,Shopping,S-Apparel: Women's,40.7099626,-74.00763239999999
Foot Mart,120 Fulton Street,,New York,NY,,78-45,Shopping,S-Shoes: Men's & Women's,40.709926,-74.0075528
Subway,118 Fulton Street,,New York,NY,10038,78-46,Casual Eating & Takeout,F-Fast Food,40.7098866,-74.0074777
Carvel,118 Fulton Street,,New York,NY,10038,78-46,Casual Eating & Takeout,F-Ice Cream,40.7098866,-74.0074777
The UPS Store,118 Fulton Street,,New York,NY,10038,78-46,Personal and Professional Services,P-Packaging/Shipping,40.7098866,-74.0074777
Stylz,116 Fulton Street,,New York,NY,10038,78-47,Shopping,S-Apparel: Men's & Women's,40.7098786,-74.0073379
Radio Shack,114 Fulton Street,,New York,NY,10038,78-47,Shopping,S-Computers & Electronics,40.7098452,-74.0074015
Starbucks Coffee,130 Fulton Street,,New York,NY,,79-1,Casual Eating & Takeout,F-Coffeehouse,40.7102188,-74.0080711
Bank of America ATM,130 Fulton Street,,New York,NY,10038,79-1,Personal and Professional Services,P-Banks and Check Cashing,40.7102188,-74.0080711
Nassau Fulton Optical,87 Nassau Street,,New York,NY,10038,79-1,Shopping,S-Glasses & Sunglasses,40.7101444,-74.0079768
General Nutrition Center,134-136 Fulton Street,,New York,NY,10038,79-1,Shopping,S-Nutrition & Health,40.7103454,-74.0081849
Au Hair,29 John Street,Lower Level,New York,NY,10038,79-10,Personal and Professional Services,P-Hair Salon & Barber Shop,40.7097564,-74.0085028
Duane Reade,17 John Street,,New York,NY,10038,79-10,Shopping,S-Drugstores,40.710034,-74.008657
Uma Newsstand,17 John Street,,New York,NY,10038,79-10,Personal and Professional Services,P-Newsstands,40.710034,-74.008657
John Street Bar & Grill,17 John Street,Lower Level,New York,NY,10038,79-10,Nightlife,N-Bar,40.710034,-74.008657
Les Halles Downtown,15 John Street,,New York,NY,10038,79-14,Full Service Dining,F-French,40.7100312,-74.00874519999999
Wendy's,85 Nassau Street,,New York,NY,10038,79-2,Casual Eating & Takeout,F-Fast Food,40.7101293,-74.0081503
K.C. Barber Shop,144 Fulton Street,,New York,NY,10038,79-25,Personal and Professional Services,P-Hair Salon & Barber Shop,40.71039880000001,-74.008568
Wagner Tailoring & Alterations-Booth,144 Fulton Street,2nd Floor,New York,NY,10038,79-25,Personal and Professional Services,P-Tailoring,40.71039880000001,-74.008568
The Essences Beauty Salon,144 Fulton Street,3rd Floor,New York,NY,10038,79-25,Personal and Professional Services,P-Hair Salon & Barber Shop,40.71039880000001,-74.008568
Nail & Wax,144 Fulton Street,,New York,NY,10038,79-25,Personal and Professional Services,P-Nail Salon,40.71039880000001,-74.008568
Baba Gift,144 Fulton Street,Booth 1,New York,NY,10038,79-25,Shopping,S-Variety & Discount Stores,40.71039880000001,-74.008568
Cafe Tomato,142 Fulton Street,,New York,NY,10038,79-26,Casual Eating & Takeout,F-Deli,40.71035699999999,-74.0084865
Caruso's Pizza and Pasta,140 Fulton Street,,New York,NY,10038,79-27,Casual Eating & Takeout,F-Pizza,40.71031,-74.0084159
Solution Beauty Source,138 Fulton Street,,New York,NY,10038,79-28,Shopping,S-Beauty & Fragrances,40.7103154,-74.0082968
New York & Co.,83 Nassau Street,,New York,NY,10038,79-3,Shopping,S-Apparel: Women's,40.7100807,-74.0082006
De Janeiro Too,75 Nassau Street,,New York,NY,10038,79-4,Shopping,S-Apparel: Women's,40.7098813,-74.0084069
Eye To Eye Vision Center,79 Nassau Street,,New York,NY,10038,79-4,Shopping,S-Glasses & Sunglasses,40.709971,-74.0080475
Spring Thyme Wellness Spa,75 Nassau Street,,New York,NY,10038,79-4,Personal and Professional Services,P-Spa,40.7098813,-74.0084069
La Mode Cleaners,75 Nassau Street,,New York,NY,10038,79-4,Personal and Professional Services,P-Dry Cleaning,40.7098813,-74.0084069
The Diner,75 Nassau Street,,New York,NY,10038,79-6,Full Service Dining,F-Diner,40.7098813,-74.0084069
Nassau Jewelry,75 Nassau Street,,New York,NY,10038,79-6,Shopping,S-Jeweler,40.7098813,-74.0084069
Max Cleaners,29 John Street,,New York,NY,10038,79-7503,Personal and Professional Services,P-Dry Cleaning,40.7097564,-74.0085028
Evelyn's Chocolates,29 John Street,,New York,NY,10038,79-7503,Shopping,S-Candy & Chocolate,40.7097564,-74.0085028
Alex Tailor Shop,29 John Street,,New York,NY,10038,79-7503,Personal and Professional Services,P-Tailoring,40.7097564,-74.0085028
My Convenience,29 John Street,,New York,NY,10038,79-7503,Personal and Professional Services,P-Newsstands,40.7097564,-74.0085028
Yung Nail Salon,29 John Street,Lower Level,New York,NY,10038,79-8,Personal and Professional Services,P-Nail Salon,40.7097564,-74.0085028
Blimpie,69 Nassau Street,,New York,NY,10038,79-8,Casual Eating & Takeout,F-Fast Food,40.7095328,-74.0084222
Energy Kitchen,71 Nassau Street,,New York,NY,10038,79-8,Casual Eating & Takeout,F-Health,40.7097671,-74.00832489999999
Starbucks Coffee,195 Broadway,,New York,NY,10007,80-1,Casual Eating & Takeout,F-Coffeehouse,40.71109999999999,-74.0093
Liquid Assets at the Millenium Hilton Hotel,55 Church Street,,New York,NY,10007,80-4,Nightlife,N-Bar,40.7111645,-74.0103467
Church & Dey Restaurant,Millenium Hilton Hotel,"55 Church Street, Floor 3",New York,NY,10007,80-4,Full Service Dining,F-American,40.711251,-74.0102962
US Post Office-Church Street Station,90 Church Street,,New York,NY,10007,86-1,Community Resources,C-Post Office,40.7127235,-74.0106567
New York Sports Club,217 Broadway,,New York,NY,10007,88-1,Personal and Professional Services,P-Athletic Clubs/Fitness,40.7116698,-74.00874189999999
AT&T,217 Broadway,,New York,NY,10007,88-1,Shopping,S-Cellular Phones,40.7116698,-74.00874189999999
Staples,217 Broadway,,New York,NY,10007,88-1,Shopping,S-Office Supplies & Equipment,40.7116698,-74.00874189999999
Travelex Currency Services Inc.,28 Vesey Street,,New York,NY,10007,88-10,Visitor Services,V-Currency Exchange,40.7121386,-74.0098201
Jean Louis David Salon,30 Vesey Street,,New York,NY,10007,88-10,Personal and Professional Services,P-Hair Salon & Barber Shop,40.7121501,-74.0098273
Renaissance Fine Jewelers II,225 Broadway,,New York,NY,10007,88-18,Shopping,S-Jeweler,40.7119222,-74.0084459
PrintFacility.com,225 Broadway,Suite 300,New York,NY,10007,88-18,Personal and Professional Services,P-Copy and Printing Services,40.7119222,-74.0084459
Quality Duplicating Services,225 Broadway,,New York,NY,10007,88-18,Personal and Professional Services,P-Copy and Printing Services,40.7119222,-74.0084459
Illusions of Broadway,225 Broadway,,New York,NY,10007,88-18,Shopping,S-Apparel: Women's,40.7119222,-74.0084459
FedEx Office,4 Barclay Street,,New York,NY,10007,88-18,Personal and Professional Services,P-Packaging/Shipping,40.7121336,-74.0086942
Continental Shoe Repair,225 Broadway,,New York,NY,10007,88-18,Personal and Professional Services,P-Shoe Repair/Shine,40.7119222,-74.0084459
Oliva Gourmet,225 Broadway,,New York,NY,10007,88-18,Casual Eating & Takeout,F-Deli,40.7119222,-74.0084459
Naturally Delicious,6 Barclay Street,,New York,NY,10007,88-18,Casual Eating & Takeout,F-Health,40.7122441,-74.0091664
Cohen's Fashion Optical,225 Broadway,,New York,NY,10007,88-18,Shopping,S-Glasses & Sunglasses,40.7119222,-74.0084459
Smoke Shop,20 Vesey Street,,New York,NY,10007,88-5,Shopping,S-Cigars,40.7120459,-74.0095149
Stage Door Deli,26 Vesey Street,,New York,NY,10007,88-8,Casual Eating & Takeout,F-Deli,40.7121084,-74.00969549999999
The Pilatium,139 Fulton Street,Suite 309,New York,NY,10038,89-1,Personal and Professional Services,P-Athletic Clubs/Fitness,40.7104617,-74.0077673
Tansey Tang Cultured Pearl Jewelry and Asian Gifts,99A Nassau Street,,New York,NY,10038,89-1,Shopping,S-Jeweler,40.7104929,-74.0077594
Fine Leather Collection,99 Nassau Street,,New York,NY,10038,89-1,Shopping,S-Leather & Luggage,40.7104929,-74.0077594
Perfect Eyes Thread Salon,97 Nassau Street,,New York,NY,10038,89-1,Personal and Professional Services,P-Eyebrows,40.710546,-74.0076194
Designer Promise,93 Nassau Street,,New York,NY,10038,89-1,Shopping,S-Apparel: Women's,40.7105774,-74.00779010000001
Chase Bank,214 Broadway,,New York,NY,10038,89-1,Personal and Professional Services,P-Banks and Check Cashing,40.7109087,-74.0088497
Majestic Beauty Salon,30 Ann Street,,New York,NY,10038,89-1,Personal and Professional Services,P-Hair Salon & Barber Shop,40.7106473,-74.0076802
Solomon Cleaners,30 Ann Street,,New York,NY,10038,89-1,Personal and Professional Services,P-Dry Cleaning,40.7106473,-74.0076802
Uriel Shoe Repair,30 Ann Street,,New York,NY,10038,89-1,Personal and Professional Services,P-Shoe Repair/Shine,40.7106473,-74.0076802
metro PCS,99 Nassau Street,,New York,NY,10038,89-1,Shopping,S-Cellular Phones,40.7104929,-74.0077594
Fusion Wireless,99 Nassau Street,,New York,NY,10038,89-1,Shopping,S-Cellular Phones,40.7104929,-74.0077594
Dunkin Donuts,139 Fulton Street,,New York,NY,10038,89-1,Casual Eating & Takeout,F-Fast Food,40.7104617,-74.0077673
Duane Reade,147 Fulton Street,,New York,NY,10038,89-12,Shopping,S-Drugstores,40.7106433,-74.0082444
Au Bon Pain,222 Broadway,,New York,NY,10007,89-12,Casual Eating & Takeout,F-Cafe & Eatery,40.7108839,-74.0083897
"Eyebrow Threading Salon, Inc.",141 Fulton Street,3rd Floor,New York,NY,10038,89-2,Personal and Professional Services,P-Eyebrows,40.7105419,-74.0079008
Sophie's Cuban Cuisine,141 Fulton Street,,New York,NY,10038,89-2,Casual Eating & Takeout,F-Caribbean,40.7105419,-74.0079008
Mr. Closeout,145 Fulton Street,,New York,NY,10038,89-3,Shopping,S-Beauty & Fragrances,40.710648,-74.0079949
Popeye's Chicken & Biscuits,143 Fulton Street,,New York,NY,10038,89-3,Casual Eating & Takeout,F-Fast Food,40.7106393,-74.00797109999999
Lucille Roberts,143 Fulton Street,2nd Floor,New York,NY,10038,89-3,Personal and Professional Services,P-Athletic Clubs/Fitness,40.7106393,-74.00797109999999
Weinstein & Holtzman Hardware,29 Park Row,,New York,NY,10038,90-10,Personal and Professional Services,P-Hardware & Locksmiths,40.7113385,-74.0073373
J&R Music and Computer World,31 Park Row,,New York,NY,10038,90-11,Shopping,S-Computers & Electronics,40.7115513,-74.0072959
GS Smokers Inc.,1 Beekman Street,,New York,NY,10038,90-13,Shopping,S-Cigars,40.7114791,-74.0069766
Penguini Men's Wear,105 Nassau Street,,New York,NY,10038,90-18,Shopping,S-Apparel: Men's,40.7107548,-74.0074472
H & M Art Gallery of Downtown,105 Nassau Street,,New York,NY,10038,90-20,Shopping,"S-Framing, Posters & Art Supplies",40.7107548,-74.0074472
Sandwich House,17 Ann Street,,New York,NY,10038,90-23,Casual Eating & Takeout,F-Italian,40.7110027,-74.0077002
Pita Express,15 Ann Street,,New York,NY,10038,90-24,Casual Eating & Takeout,F-Kosher,40.7110299,-74.0077811
J&R Office and Computer World,15 Park Row,,New York,NY,10038,90-4,Shopping,S-Office Supplies & Equipment,40.7111576,-74.0078405
Duval International Furniture Gallery,111 Fulton Street,,New York,NY,10038,91-1,Shopping,S-Home Furnishings & Decor,40.7099264,-74.0065609
Circa NY,111 Fulton Street,,New York,NY,10038,91-1,Casual Eating & Takeout,F-Kosher,40.7099264,-74.0065609
Shoetrician Shoe Repair,123 Fulton Street,,New York,NY,10038,91-10,Personal and Professional Services,P-Shoe Repair/Shine,40.7101833,-74.0070836
Styling Haircutters,123 Fulton Street,,New York,NY,10038,91-10,Personal and Professional Services,P-Hair Salon & Barber Shop,40.7101833,-74.0070836
Papaya,125 Fulton Street,2nd Floor,New York,NY,10038,91-11,Personal and Professional Services,P-Spa,40.7102247,-74.0071533
CVS,129 Fulton Street,,New York,NY,10038,91-13,Shopping,S-Drugstores,40.7102655,-74.0073925
Strawberry,115 Fulton Street,,New York,NY,10038,91-7,Shopping,S-Apparel: Women's,40.7099963,-74.0066903
Bolton's,115 Fulton Street,,New York,NY,10038,91-7,Shopping,S-Apparel: Women's,40.7099963,-74.0066903
Chipotle,111 Fulton Street,,New York,NY,10001,91-7502,Casual Eating & Takeout,F-Mexican,40.7099264,-74.0065609
Spring Nail Spa N.Y.,119 Fulton Street,,New York,NY,10038,91-8,Personal and Professional Services,P-Nail Salon,40.7101052,-74.0069297
American Stamp,121 Fulton Street,2nd Floor,New York,NY,10038,91-9,Shopping,S-Office Supplies & Equipment,40.7101432,-74.0070013
Cables & Chips Inc.,121 Fulton Street,4th Floor,New York,NY,10038,91-9,Shopping,S-Computers & Electronics,40.7101432,-74.0070013
Nova Offset Corp.,47 Ann Street,,New York,NY,10038,92-17,Personal and Professional Services,P-Copy and Printing Services,40.7104705,-74.00680659999999
Abacus Federal Savings Bank,116 Nassau Street,,New York,NY,10038,92-24,Personal and Professional Services,P-Banks and Check Cashing,40.71074,-74.0070325
Nassau Bar,118 Nassau Street,,New York,NY,10038,92-26,Nightlife,N-Bar,40.7107613,-74.0068531
Flight Club NY,120 Nassau Street,,New York,NY,10038,92-27,Shopping,S-Shoes: Men's & Women's,40.7107621,-74.006756
Prato Men's Wear,122 Nassau Street,,New York,NY,10038,92-28,Shopping,S-Apparel: Men's,40.7108429,-74.0067669
The Happy Foot Shoe Store,124 Nassau Street,,New York,NY,10038,92-29,Shopping,S-Shoes: Men's & Women's,40.7108896,-74.00673669999999
Downtown Pharmacy,165 William Street,,New York,NY,10038,92-3,Shopping,S-Drugstores,40.71026820000001,-74.0059811
Omega Jewelers,132 Nassau Street,,New York,NY,10038,92-30,Shopping,S-Jeweler,40.7110195,-74.0065631
Dunkin Donuts,132 Nassau Street,,New York,NY,10038,92-30,Casual Eating & Takeout,F-Fast Food,40.7110195,-74.0065631
The Beekman Pub,15-17 Beekman Street,,New York,NY,10038,92-30,Full Service Dining,F-Restaurant & Bar,40.7109286,-74.0062962
Petland Discount,132 Nassau Street,,New York,NY,10038,92-30,Shopping,"S-Pet Stores, Supplies & Services",40.7110195,-74.0065631
The Silk Shop,132 Nassau Street,,New York,NY,10038,92-30,Shopping,S-Apparel: Women's,40.7110195,-74.0065631
Thriftway Beekman Pharmacy,19 Beekman Street,,New York,NY,10038,92-32,Shopping,S-Drugstores,40.7107602,-74.0063129
Lot-Less Closeouts,95 Fulton Street,,New York,NY,10038,93-1,Shopping,S-Variety & Discount Stores,40.7094535,-74.0058998
Royal Barber Shop,95 Fulton Street,Subway,New York,NY,,93-1,Personal and Professional Services,P-Hair Salon & Barber Shop,40.7094535,-74.0058998
Cafe Seaport,150 William Street,,New York,NY,10038,93-1,Casual Eating & Takeout,F-Deli,40.7095328,-74.0057846
Pride Optical,150 William Street,,New York,NY,10038,93-1,Shopping,S-Glasses & Sunglasses,40.7095328,-74.0057846
Rosella's Pizza,164 William Street,,New York,NY,10038,93-24,Casual Eating & Takeout,F-Italian,40.7100617,-74.00561379999999
Dante's Gourmet Foods,166 William Street,,New York,NY,10038,93-25,Casual Eating & Takeout,F-Deli,40.7101841,-74.0056597
Panini & Company,168 William Street,,New York,NY,10038,93-26,Casual Eating & Takeout,F-Cafe & Eatery,40.7102537,-74.00562
Battery Gardens,Inside Battery Park,(across from 17 State Street),New York,NY,10004,Battery Park,Full Service Dining,F-Continental,40.7033758,-74.0138065
Lower Manhattan Cultural Council,125 Maiden Lane,2nd Floor,New York,NY,10038,,,,40.7066092,-74.0062499
Downtown Hair Studio,49 Madison St,,New York,NY,,,,,40.7122036,-73.9983068
Seaport Podiatry,122 Fulton Street,3rd Floor,New York,NY,,,,,40.7099626,-74.00763239999999
"Primary Consulting Services, Ltd.",132 Nassau Street,Suite 1320,New York,NY,,,Personal and Professional Services,P-Computer Services,40.7110195,-74.0065631
Plaza Cafe And Catering Inc,83 Maiden Lane,Suite 1300,New York,NY,,,,,40.7075142,-74.00733199999999
Tbta Battery Park Garage,70 Greenwich Street,,New York,NY,,,,,40.7074243,-74.01430340000002
Picnick,Battery Park,,New York,NY,10004,,Casual Eating & Takeout,F-American,40.7032775,-74.0170279
Lower Manhattan Construction Command Center,1 Liberty Plaza,20th Floor,New York,NY,10006,,,,40.709722,-74.011389
Candy's Quality Cleaners,57 Murray Street,,New York,NY,10007,,,,40.7144217,-74.009644
